TICKER;PRECO;DY;P/L;P/VP;P/ATIVOS;MARGEM BRUTA;MARGEM EBIT;MARG. LIQUIDA;P/EBIT;EV/EBIT;DIVIDA LIQUIDA / EBIT;DIV. LIQ. / PATRI.;PSR;P/CAP. GIRO;P. AT CIR. LIQ.;LIQ. CORRENTE;ROE;ROA;ROIC;PATRIMONIO / ATIVOS;PASSIVOS / ATIVOS;GIRO ATIVOS;CAGR RECEITAS 5 ANOS;CAGR LUCROS 5 ANOS; LIQUIDEZ MEDIA DIARIA; VPA; LPA; PEG Ratio; VALOR DE MERCADO
AALR3;9,03;;-10,97;0,87;0,42;17,80;-0,98;-10,49;-117,09;-178,99;-61,90;0,46;1,15;11,55;-0,54;1,19;-7,96;-3,83;-1,41;0,48;0,52;0,37;5,83;;5.089.434,81;10,34;-0,82;0,03;1.068.184.128,48
ABCB4;14,82;4,79;10,16;0,76;0,08;1,96;-1,80;5,46;-30,83;-30,83;;;0,55;0,76;-0,09;3,23;7,51;0,74;;0,10;0,90;0,14;1,17;-2,60;8.416.400,31;19,41;1,46;-0,29;3.273.602.648,94
ABEV3;16,50;2,97;20,11;3,17;1,95;52,95;27,05;20,69;15,38;14,54;-0,85;-0,17;4,16;50,14;-2,70;1,16;15,74;9,68;17,16;0,61;0,37;0,47;4,56;-1,85;320.871.563,62;5,21;0,82;0,76;259.697.514.483,00
ADHM3;1,56;;-4,09;-1,29;105,12;100,00;-13.548,48;-18.860,61;-5,69;-5,69;0,00;;770,90;-1,43;-116,16;0,00;-31,47;-2.571,90;22,61;-81,72;82,72;0,14;;;94.201,44;-1,21;-0,38;-0,58;25.439.770,20
AERI3;8,49;;57,47;6,73;2,74;11,13;9,30;5,13;31,66;33,89;2,23;0,47;2,95;8,97;-9,26;1,77;11,72;4,78;9,41;0,41;0,59;0,93;;;37.574.259,58;1,26;0,15;2,09;6.505.152.241,44
AESB3;14,40;1,18;;3,07;0,60;;;;;;;2,42;;10,43;-0,77;1,34;0,00;0,00;;0,19;0,81;0,00;;;18.486.817,38;4,69;0,00;;5.747.133.888,00
AFLT3;9,33;13,77;31,17;3,04;2,78;67,61;54,72;52,63;29,98;28,23;-1,76;-0,18;16,41;10,69;-3,88;13,16;9,76;8,93;9,29;0,92;0,08;0,17;5,56;8,17;30.709,92;3,07;0,30;-1,32;588.580.251,00
AGRO3;34,00;2,09;14,30;1,61;0,98;41,46;34,26;18,64;7,78;8,57;0,79;0,16;2,67;6,07;-1,70;1,61;11,27;6,83;13,49;0,61;0,39;0,37;13,49;-7,94;40.388.206,54;21,09;2,38;1,40;2.791.546.234,00
AHEB3;21,01;;-7,50;49,70;0,59;26,77;-5,66;-11,20;-14,85;-10,65;4,21;-14,09;0,84;-5,61;-0,81;0,72;-662,49;-7,88;-334,66;0,01;0,99;0,70;1,88;;37.699,67;0,42;-2,80;0,17;179.641.869,77
AHEB5;20,00;;-7,14;47,31;0,56;26,77;-5,66;-11,20;-14,14;-10,65;4,21;-14,09;0,80;-5,34;-0,77;0,72;-662,49;-7,88;-334,66;0,01;0,99;0,70;1,88;;14.093,00;0,42;-2,80;0,16;179.641.869,77
AHEB6;22,00;;-7,86;52,04;0,62;26,77;-5,66;-11,20;-15,55;-10,65;4,21;-14,09;0,88;-5,88;-0,85;0,72;-662,49;-7,88;-334,66;0,01;0,99;0,70;1,88;;17.600,00;0,42;-2,80;0,18;179.641.869,77
ALLD3;18,01;;;;;;;;;;;;;;;;;;;;;;;;1.918.752,20;;0,00;;1.629.627.447,89
ALPA3;39,50;;94,64;7,56;4,79;53,23;13,11;6,98;50,35;52,84;-1,49;-0,22;6,60;15,73;-10,89;2,19;7,98;5,06;11,74;0,63;0,35;0,73;-3,59;-13,58;196.440,65;5,23;0,42;-116,17;25.064.908.610,86
ALPA4;45,92;;110,03;8,78;5,57;53,23;13,11;6,98;58,53;52,84;-1,49;-0,22;7,67;18,29;-12,66;2,19;7,98;5,06;11,74;0,63;0,35;0,73;-3,59;-13,58;69.870.982,15;5,23;0,42;-135,05;25.064.908.610,86
ALPK3;8,57;;-9,71;2,42;0,62;25,38;1,26;-26,33;202,74;378,31;175,57;2,09;2,56;-2,73;-0,67;0,25;-24,89;-6,34;0,30;0,25;0,75;0,24;;;458.752,54;3,55;-0,88;-0,03;1.660.618.378,42
ALSO3;28,31;0,80;44,50;0,99;0,69;66,20;40,15;21,20;23,50;19,17;-4,32;-0,18;9,43;5,27;-0,83;4,37;2,22;1,55;3,37;0,70;0,30;0,07;19,22;-0,15;39.820.144,50;28,66;0,64;0,07;7.524.027.345,18
ALUP11;26,77;3,14;7,22;1,29;0,33;56,04;54,04;15,34;2,06;3,87;2,09;0,77;1,20;4,71;-0,40;1,78;10,53;4,17;14,02;0,40;0,60;0,27;32,68;29,19;30.985.056,08;20,79;3,71;0,12;7.844.602.890,38
ALUP3;8,80;3,18;7,12;1,27;0,33;56,04;54,04;15,34;2,03;3,87;2,09;0,77;1,19;4,65;-0,40;1,78;10,53;4,17;14,02;0,40;0,60;0,27;32,68;29,19;219.786,96;6,93;1,24;0,11;7.844.602.890,38
ALUP4;9,00;3,11;7,28;1,30;0,34;56,04;54,04;15,34;2,07;3,87;2,09;0,77;1,21;4,75;-0,41;1,78;10,53;4,17;14,02;0,40;0,60;0,27;32,68;29,19;269.072,19;6,93;1,24;0,12;7.844.602.890,38
AMAR3;5,96;;;1,65;0,48;39,38;-12,13;0,00;-6,49;-11,48;-4,99;1,27;0,79;6,16;-0,96;1,18;0,00;0,00;-10,34;0,29;0,71;0,60;-7,53;;46.484.101,69;3,61;0,00;;1.559.533.764,44
AMBP3;27,30;0,35;68,78;2,52;1,88;22,63;18,40;6,39;23,88;20,90;-2,98;-0,31;4,39;4,40;-3,96;5,23;3,66;2,73;7,27;0,75;0,25;0,43;;;9.766.948,54;10,85;0,40;1,63;3.083.141.552,40
ANIM3;11,67;;-114,65;1,87;1,03;51,80;8,31;-2,89;39,88;40,22;0,33;0,02;3,31;2,83;-1,90;4,78;-1,63;-0,90;2,96;0,55;0,45;0,31;11,24;;25.083.781,19;6,26;-0,10;-0,35;4.713.148.954,35
APER3;57,10;0,09;4.966,03;2,27;1,47;100,00;-2,85;0,12;-209,77;-209,77;;;5,98;6,02;-2,26;3,28;0,05;0,03;;0,65;0,35;0,25;-11,42;;5.485.416,77;25,14;0,01;-46,87;655.515.651,40
APTI3;197,64;;0,07;0,01;0,01;29,60;283,02;228,44;0,06;0,62;-0,06;-0,01;0,16;0,04;-0,01;2,49;20,23;10,93;19,81;0,54;0,46;0,05;-22,74;84,17;;14.055,55;2.843,13;0,00;44.442.750,00
APTI4;3.500,00;;1,23;0,25;0,13;29,60;283,02;228,44;0,99;0,62;-0,06;-0,01;2,81;0,75;-0,19;2,49;20,23;10,93;19,81;0,54;0,46;0,05;-22,74;84,17;;14.055,55;2.843,13;0,00;44.442.750,00
ARZZ3;81,68;0,68;167,50;6,03;2,87;47,47;5,79;3,05;88,35;89,14;0,79;0,05;5,12;12,45;-6,42;1,72;3,60;1,72;4,34;0,48;0,52;0,56;7,26;-16,50;61.949.163,15;13,54;0,49;-2,39;8.137.893.895,52
ASAI3;88,19;0,36;69,61;14,88;1,34;15,76;4,68;1,97;29,25;35,20;5,94;3,02;1,37;-145,19;-2,25;0,98;21,38;1,93;7,04;0,09;0,91;0,98;;;132.161.849,46;5,93;1,27;;23.665.924.693,73
ATMP3;10,84;;-1,25;1,61;0,15;1,81;-15,64;-22,72;-1,82;-3,58;-1,77;1,56;0,28;-0,78;-0,18;0,48;-128,42;-12,05;-33,09;0,09;0,91;0,53;-16,98;;1.175.757,65;6,74;-8,66;0,03;268.707.036,48
ATOM3;9,05;3,31;15,34;13,02;6,94;100,00;32,02;40,02;19,17;17,67;-1,50;-1,02;6,14;8,33;-318,95;6,76;84,86;45,26;63,27;0,53;0,47;1,13;;;6.974.732,12;0,70;0,59;0,03;189.135.895,70
AURA33;64,75;7,09;8,48;2,99;1,42;45,23;31,96;27,16;7,21;6,66;-0,55;-0,23;2,30;12,52;-2,49;1,36;35,29;16,69;27,80;0,47;0,53;0,61;;;10.870.656,27;21,63;7,63;0,00;4.580.574.285,00
AVLL3;25,98;;-1,90;1,47;0,25;-34,97;-167,68;-170,20;-1,93;-4,03;-2,10;1,60;3,23;1,84;-0,43;1,50;-77,32;-13,36;-22,16;0,17;0,83;0,08;;;270.879,92;17,70;-13,68;0,05;582.362.328,12
AZEV3;6,90;;-1,12;-569,22;2.144,00;1.622,59;3.562,68;5.901,50;-1,86;-1,52;0,00;;;-1.157,98;-5.690,13;0,25;-50.725,37;-191.061,17;50.838,86;-3,77;4,77;-32,38;-38,42;;1.420.843,00;-0,01;-6,15;-0,02;111.408.000,00
AZEV4;4,99;;-0,81;-411,65;1.550,52;1.622,59;3.562,68;5.901,50;-1,34;-1,52;0,00;;;-837,44;-4.115,04;0,25;-50.725,37;-191.061,17;50.838,86;-3,77;4,77;-32,38;-38,42;;1.912.488,27;-0,01;-6,15;-0,02;111.408.000,00
AZUL4;39,48;;-6,66;-2,94;3,28;-3,66;-37,84;-156,71;-27,59;-30,64;-3,04;;10,44;-8,75;-4,68;0,45;-44,18;-49,17;19,84;-1,11;2,11;0,31;-1,70;;235.058.227,88;-13,41;-5,93;0,47;49.768.874.193,36
B3SA3;53,30;4,87;24,83;4,47;2,36;90,38;61,43;44,64;18,04;16,63;-1,42;-0,35;11,08;14,75;-3,71;1,78;18,00;9,49;13,99;0,53;0,47;0,21;33,29;13,50;632.092.705,46;11,92;2,15;0,62;108.838.600.000,00
BAHI3;76,50;;-4,03;0,99;0,31;38,67;-11,71;-23,37;-8,05;-8,43;-0,38;0,05;0,94;-1,94;-0,34;0,40;-24,59;-7,61;-12,58;0,31;0,69;0,33;;;41.951,28;77,13;-18,96;-0,01;185.058.855,00
BALM3;18,01;3,33;10,36;1,46;0,82;50,03;10,60;10,45;10,22;8,67;-0,75;-0,11;1,08;2,65;-2,09;2,05;14,05;7,94;8,91;0,57;0,43;0,76;7,78;1,84;80.524,10;12,37;1,74;0,06;162.729.000,00
BALM4;15,20;4,41;8,75;1,23;0,69;50,03;10,60;10,45;8,63;8,67;-0,75;-0,11;0,91;2,24;-1,76;2,05;14,05;7,94;8,91;0,57;0,43;0,76;7,78;1,84;84.331,32;12,37;1,74;0,05;162.729.000,00
BAUH4;83,80;;20,36;4,65;3,04;21,72;11,40;11,43;20,41;19,50;-0,91;-0,21;2,33;64,25;-4,84;1,15;22,84;14,95;16,51;0,65;0,35;1,31;10,90;33,53;71.276,05;18,02;4,12;0,44;437.622.203,60
BAZA3;38,51;6,75;4,30;0,47;0,05;37,94;42,64;27,94;2,82;2,82;;;1,20;2,27;-0,06;;10,99;1,28;;0,12;0,88;0,05;-8,12;1,30;80.181,50;81,52;8,96;-1,21;1.141.666.189,17
BBAS3;30,33;4,74;6,45;0,68;0,05;28,46;11,98;12,78;6,88;6,88;;;0,82;1,50;-0,05;13,92;10,57;0,71;;0,07;0,93;0,06;-11,56;-3,39;467.180.643,92;44,53;4,70;-0,25;86.908.098.216,60
BBDC3;21,47;2,81;10,80;1,45;0,15;36,57;20,60;22,22;11,65;12,51;;;2,40;1,98;-0,17;6,19;13,39;1,39;;0,10;0,90;0,06;-3,00;-2,54;116.281.568,69;14,84;1,99;3,47;224.038.384.441,09
BBDC4;24,64;2,70;12,40;1,66;0,17;36,57;20,60;22,22;13,37;12,51;;;2,76;2,27;-0,19;6,19;13,39;1,39;;0,10;0,90;0,06;-3,00;-2,54;929.998.832,08;14,84;1,99;3,99;224.038.384.441,09
BBML3;3.936,42;0,01;14.941,03;1.266,22;175,86;12,27;3,44;1,00;4.341,93;4.349,43;7,50;2,19;149,41;2.692,28;-320,05;1,17;8,47;1,18;6,61;0,14;0,86;1,18;45,38;25,57;;3,11;0,26;581,24;160.451.699.191,56
BBRK3;2,16;;-0,95;-4,06;0,83;62,65;-171,31;-175,32;-0,97;-0,76;0,22;;1,67;-7,31;-1,14;0,71;-426,12;-86,80;418,72;-0,20;1,20;0,50;-9,38;;1.969.061,12;-0,53;-2,27;-0,01;169.628.739,84
BBSE3;22,79;5,93;11,55;6,36;4,41;;;;9,28;9,28;;;;25,68;-6,44;2,20;55,06;38,17;;0,69;0,31;0,00;;-1,76;158.627.423,69;3,58;1,97;-0,29;45.580.000.000,00
BDLL3;11,75;;-0,29;-0,12;0,03;-86,74;-295,31;-321,27;-0,31;-4,32;-4,04;;0,92;-0,08;-0,05;0,52;-40,12;-9,88;-86,38;-0,25;1,25;0,03;-46,07;;211.196,58;-101,97;-40,91;0,00;16.903.736,72
BDLL4;9,84;;-0,24;-0,10;0,02;-86,74;-295,31;-321,27;-0,26;-4,32;-4,04;;0,77;-0,07;-0,04;0,52;-40,12;-9,88;-86,38;-0,25;1,25;0,03;-46,07;;157.042,81;-101,97;-40,91;0,00;16.903.736,72
BEEF3;10,33;9,97;8,28;5,60;0,31;19,14;8,97;3,26;3,01;5,86;2,85;5,31;0,27;0,97;-0,97;1,90;67,61;3,77;14,26;0,06;0,94;1,16;15,30;;122.190.306,77;1,84;1,25;0,07;5.677.654.337,27
BEES3;5,11;3,92;6,96;0,94;0,05;50,63;23,67;14,58;4,29;4,42;;;1,02;0,78;-0,06;;13,52;0,76;;0,06;0,94;0,05;-7,16;7,23;318.311,62;5,43;0,73;0,90;1.665.064.874,60
BEES4;5,71;3,51;7,78;1,05;0,06;50,63;23,67;14,58;4,79;4,42;;;1,13;0,87;-0,06;;13,52;0,76;;0,06;0,94;0,05;-7,16;7,23;24.299,42;5,43;0,73;1,01;1.665.064.874,60
BFRE11;0,00;;0,00;0,00;0,00;;;;0,00;;-16,29;-0,33;;0,00;0,00;13,21;4,76;4,56;-0,40;0,96;0,04;0,00;;-3,40;;256.545,33;12.220,36;0,00;
BFRE12;0,00;;0,00;0,00;0,00;;;;0,00;;-16,29;-0,33;;0,00;0,00;13,21;4,76;4,56;-0,40;0,96;0,04;0,00;;-3,40;;256.545,33;12.220,36;0,00;
BGIP3;39,38;2,52;11,08;1,23;0,09;71,66;12,77;8,57;7,44;5,86;;;0,95;-0,57;-0,18;0,77;11,14;0,80;;0,07;0,93;0,09;0,74;14,88;20.166,45;31,91;3,56;-0,32;474.296.342,70
BGIP4;22,68;4,81;6,38;0,71;0,05;71,66;12,77;8,57;4,28;5,86;;;0,55;-0,33;-0,11;0,77;11,14;0,80;;0,07;0,93;0,09;0,74;14,88;21.507,73;31,91;3,56;-0,18;474.296.342,70
BIDI11;199,75;0,07;-7.072,29;15,41;2,58;57,47;-9,54;-0,77;-573,02;-573,02;;;54,68;-27,72;-4,84;0,83;-0,22;-0,04;;0,17;0,83;0,05;14,14;;355.565.901,12;12,96;-0,03;64,81;50.899.272.612,92
BIDI3;65,79;0,07;-6.988,02;15,23;2,54;57,47;-9,54;-0,77;-566,19;-573,02;;;54,03;-27,39;-4,78;0,83;-0,22;-0,04;;0,17;0,83;0,05;14,14;;21.851.187,54;4,32;-0,01;64,04;50.899.272.612,92
BIDI4;66,84;0,07;-7.099,55;15,47;2,58;57,47;-9,54;-0,77;-575,22;-573,02;;;54,89;-27,82;-4,86;0,83;-0,22;-0,04;;0,17;0,83;0,05;14,14;;188.407.959,85;4,32;-0,01;65,06;50.899.272.612,92
BIOM3;15,80;;-15,12;5,59;2,46;23,75;-94,72;-120,62;-19,25;-20,08;-0,83;0,24;18,24;7,95;-4,57;3,03;-36,96;-16,27;-14,65;0,44;0,56;0,13;;;395.915,04;2,83;-1,05;-0,56;1.069.916.781,60
BKBR3;10,89;;-5,43;1,79;0,82;59,01;-20,55;-25,67;-6,78;-7,26;-0,48;0,13;1,39;7,73;-1,07;1,80;-32,90;-15,01;-19,86;0,46;0,54;0,58;18,70;;30.859.376,04;6,10;-2,01;0,00;2.998.620.817,83
BLAU3;42,30;;;;;;;;;;;;;;;;;;;;;;;;22.875.596,40;;0,00;;7.415.150.999,40
BMEB3;17,55;4,42;6,09;0,93;0,09;66,23;10,12;6,76;4,07;4,05;;;0,41;0,43;-0,17;1,71;15,29;1,41;;0,09;0,91;0,21;-9,42;12,08;9.642,94;18,85;2,88;0,18;917.119.805,98
BMEB4;17,41;4,90;6,04;0,92;0,09;66,23;10,12;6,76;4,03;4,05;;;0,41;0,43;-0,16;1,71;15,29;1,41;;0,09;0,91;0,21;-9,42;12,08;78.084,85;18,85;2,88;0,18;917.119.805,98
BMGB4;4,71;3,79;8,99;0,68;0,10;73,01;8,63;7,38;7,68;7,68;;;0,66;;-0,10;;7,60;1,06;;0,14;0,86;0,14;11,98;8,39;6.600.502,69;6,90;0,52;-0,51;2.747.024.655,81
BMIN3;22,31;;43,87;0,86;0,52;81,20;37,26;21,89;25,77;25,77;;;9,60;11,12;-0,71;1,21;1,96;1,19;;0,61;0,39;0,05;-1,79;-9,57;10.220,44;25,93;0,51;4,30;107.643.110,57
BMIN4;22,30;6,28;43,85;0,86;0,52;81,20;37,26;21,89;25,76;25,77;;;9,60;11,11;-0,71;1,21;1,96;1,19;;0,61;0,39;0,05;-1,79;-9,57;21.876,58;25,93;0,51;4,30;107.643.110,57
BMKS3;240,00;;31,34;0,57;0,50;31,27;6,38;15,98;78,46;-28,55;-107,01;-0,78;5,01;0,68;-2,14;31,67;1,83;1,61;-0,20;0,88;0,12;0,10;1,12;-20,41;23.557,48;418,81;7,66;1,06;109.140.000,00
BMOB3;20,36;;44,76;11,97;4,05;57,95;42,06;28,92;30,77;28,93;-1,85;-0,72;12,94;-23,34;-7,82;0,74;26,75;9,05;24,88;0,34;0,66;0,31;;;17.294.051,31;1,70;0,45;;1.850.909.113,12
BNBR3;68,79;4,08;5,83;0,96;0,10;57,57;40,13;25,83;3,75;3,75;;;1,51;1,78;-0,10;;16,51;1,65;;0,10;0,90;0,06;-9,48;27,23;14.375,92;71,46;11,80;-0,14;5.941.493.008,56
BOAS3;12,95;0,59;383,38;3,81;2,82;42,69;9,91;2,79;108,02;90,35;-17,67;-0,62;10,70;5,48;-7,00;7,24;0,99;0,74;1,90;0,74;0,26;0,26;;;13.855.397,19;3,40;0,03;-5,46;6.844.798.387,00
BOBR3;0,00;;0,00;0,00;0,00;37,35;11,13;3,47;0,00;4,42;1,93;;0,00;0,00;0,00;0,58;-16,30;5,92;500,50;-0,36;1,36;1,71;1,10;;;-0,94;0,15;0,00;319.525.601,20
BOBR4;2,60;;16,95;-2,76;1,00;37,35;11,13;3,47;5,28;4,42;1,93;;0,59;-3,28;-1,73;0,58;-16,30;5,92;500,50;-0,36;1,36;1,71;1,10;;484.393,81;-0,94;0,15;-0,09;319.525.601,20
BPAC11;112,33;1,08;31,92;3,92;0,41;-7,36;7,72;24,86;102,74;102,74;;;7,93;-7,50;-1,08;0,92;12,29;1,30;;0,11;0,89;0,05;2,49;41,61;369.243.335,54;28,63;3,52;-2,54;104.693.069.190,99
BPAC3;58,87;0,69;50,18;6,17;0,65;-7,36;7,72;24,86;161,53;102,74;;;12,47;-11,80;-1,69;0,92;12,29;1,30;;0,11;0,89;0,05;2,49;41,61;273.794,42;9,54;1,17;-3,99;104.693.069.190,99
BPAC5;26,66;1,52;22,73;2,79;0,29;-7,36;7,72;24,86;73,15;102,74;;;5,65;-5,34;-0,77;0,92;12,29;1,30;;0,11;0,89;0,05;2,49;41,61;179.140,62;9,54;1,17;-1,81;104.693.069.190,99
BPAN4;17,53;1,21;31,28;3,89;0,54;68,22;10,69;7,41;21,67;21,67;;;2,32;-3,11;-0,91;0,70;12,43;1,72;;0,14;0,86;0,23;4,82;34,24;117.973.392,38;4,51;0,56;-10,38;21.124.633.801,13
BPAR3;182,07;4,89;7,19;1,17;0,16;80,40;31,54;15,44;3,52;3,52;;;1,11;1,37;-0,19;;16,25;2,28;;0,14;0,86;0,15;3,12;3,40;;155,92;25,33;-0,28;1.733.606.633,43
BPAT33;44,05;;6,98;0,66;0,09;51,56;21,77;5,61;1,80;1,80;;;0,39;;-0,12;;9,46;1,35;;0,14;0,86;0,24;14,99;-24,79;;66,71;6,31;-0,11;1.533.769.021,00
BPHA3;0,62;;0,06;-0,24;0,99;98,02;1.029,99;13.896,67;0,80;1,66;0,85;;8,28;-0,38;-1,18;0,06;-402,50;1.669,02;-36,75;-4,15;5,15;0,12;-68,85;;;-2,58;10,40;0,00;70.110.298,74
BRAP3;64,85;7,63;15,38;2,01;2,00;;;;15,45;16,94;-0,04;-0,01;;59,38;-2,07;11,80;13,03;12,99;12,98;1,00;0,00;0,00;;;2.694.515,38;32,34;4,22;-0,03;24.806.047.518,65
BRAP4;74,75;7,29;17,73;2,31;2,30;;;;17,81;16,94;-0,04;-0,01;;68,44;-2,39;11,80;13,03;12,99;12,98;1,00;0,00;0,00;;;194.679.515,12;32,34;4,22;-0,04;24.806.047.518,65
BRDT3;23,60;10,55;7,04;2,25;0,97;5,47;5,60;4,79;6,02;7,16;1,14;0,43;0,34;4,29;-1,84;1,92;31,99;13,79;17,54;0,43;0,57;2,88;-3,48;;174.473.359,96;10,48;3,35;0,09;27.494.000.000,00
BRFS3;21,53;;12,64;1,98;0,35;24,00;7,21;3,51;6,14;11,24;5,10;1,65;0,44;2,34;-0,65;1,48;15,70;2,79;8,34;0,18;0,82;0,79;4,16;-14,99;163.937.114,96;10,85;1,70;0,03;17.492.548.986,38
BRGE11;9,00;4,04;16,13;0,37;0,22;-301,47;181,11;160,27;14,27;-18,92;-33,83;-0,87;25,85;0,51;-0,55;3,39;2,27;1,35;1,68;0,60;0,40;0,01;-1,53;-7,25;7.934,83;24,56;0,56;-0,89;692.573.730,68
BRGE12;6,29;;11,27;0,26;0,15;-301,47;181,11;160,27;9,97;-18,92;-33,83;-0,87;18,06;0,36;-0,39;3,39;2,27;1,35;1,68;0,60;0,40;0,01;-1,53;-7,25;5.709,73;24,56;0,56;-0,62;692.573.730,68
BRGE3;8,79;;15,75;0,36;0,21;-301,47;181,11;160,27;13,94;-18,92;-33,83;-0,87;25,24;0,50;-0,54;3,39;2,27;1,35;1,68;0,60;0,40;0,01;-1,53;-7,25;5.510,94;24,56;0,56;-0,87;692.573.730,68
BRGE5;10,15;2,99;18,19;0,41;0,25;-301,47;181,11;160,27;16,09;-18,92;-33,83;-0,87;29,15;0,58;-0,62;3,39;2,27;1,35;1,68;0,60;0,40;0,01;-1,53;-7,25;1.915,45;24,56;0,56;-1,01;692.573.730,68
BRGE6;14,51;5,01;26,00;0,59;0,35;-301,47;181,11;160,27;23,01;-18,92;-33,83;-0,87;41,67;0,83;-0,89;3,39;2,27;1,35;1,68;0,60;0,40;0,01;-1,53;-7,25;1.550,50;24,56;0,56;-1,44;692.573.730,68
BRGE7;5,40;7,86;9,68;0,22;0,13;-301,47;181,11;160,27;8,56;-18,92;-33,83;-0,87;15,51;0,31;-0,33;3,39;2,27;1,35;1,68;0,60;0,40;0,01;-1,53;-7,25;;24,56;0,56;-0,54;692.573.730,68
BRGE8;8,50;3,56;15,23;0,35;0,21;-301,47;181,11;160,27;13,48;-18,92;-33,83;-0,87;24,41;0,48;-0,52;3,39;2,27;1,35;1,68;0,60;0,40;0,01;-1,53;-7,25;2.445,00;24,56;0,56;-0,84;692.573.730,68
BRIV3;9,45;0,05;11,17;0,54;0,05;12,85;13,75;10,14;8,24;7,89;;;1,13;0,36;-0,06;99,82;4,81;0,46;;0,09;0,91;0,04;-14,49;-2,44;17.168,33;17,61;0,85;1,27;802.157.063,80
BRIV4;8,45;6,85;9,99;0,48;0,05;12,85;13,75;10,14;7,37;7,89;;;1,01;0,32;-0,05;99,82;4,81;0,46;;0,09;0,91;0,04;-14,49;-2,44;13.743,46;17,61;0,85;1,13;802.157.063,80
BRKM3;50,93;;-74,03;94,38;0,43;25,18;9,17;-0,80;6,45;10,57;4,10;59,89;0,59;6,48;-0,75;1,19;-127,49;-0,58;15,45;0,00;1,02;0,73;4,54;;1.985.692,38;0,54;-0,69;0,80;40.761.293.910,14
BRKM5;51,39;;-74,69;95,23;0,44;25,18;9,17;-0,80;6,51;10,57;4,10;59,89;0,60;6,54;-0,75;1,19;-127,49;-0,58;15,45;0,00;1,02;0,73;4,54;;220.971.496,08;0,54;-0,69;0,80;40.761.293.910,14
BRKM6;28,50;;-41,42;52,81;0,24;25,18;9,17;-0,80;3,61;10,57;4,10;59,89;0,33;3,63;-0,42;1,19;-127,49;-0,58;15,45;0,00;1,02;0,73;4,54;;26.286,62;0,54;-0,69;0,45;40.761.293.910,14
BRML3;10,67;;-31,70;0,83;0,49;87,67;-29,88;-32,11;-34,07;-43,00;-8,93;0,22;10,18;6,71;-0,54;4,01;-2,61;-1,53;-2,77;0,59;0,41;0,05;-7,67;;164.384.627,54;12,88;-0,34;0,26;9.316.418.023,11
BRPR3;9,13;2,16;21,86;0,62;0,41;100,00;108,20;64,18;12,96;18,21;5,25;0,25;14,03;7,48;-0,45;2,44;2,82;1,86;2,54;0,66;0,34;0,03;-15,19;;14.112.254,23;14,82;0,42;-0,37;4.487.488.883,79
BRQB3;0,00;;0,00;0,00;0,00;32,79;13,39;8,23;0,00;-0,85;-0,85;-0,56;0,00;0,00;0,00;2,06;40,38;15,32;26,03;0,38;0,62;1,86;3,80;47,08;;0,79;0,32;0,00;0,00
BRSR3;13,91;4,99;7,82;0,68;0,06;63,68;11,43;8,84;6,05;5,72;;;0,69;1,42;-0,07;2,34;8,72;0,79;;0,09;0,91;0,09;-5,25;-6,77;163.689,23;20,40;1,78;-0,18;5.382.970.521,07
BRSR5;18,11;5,20;10,18;0,89;0,08;63,68;11,43;8,84;7,88;5,72;;;0,90;1,85;-0,09;2,34;8,72;0,79;;0,09;0,91;0,09;-5,25;-6,77;36.574,00;20,40;1,78;-0,24;5.382.970.521,07
BRSR6;12,41;5,59;6,98;0,61;0,06;63,68;11,43;8,84;5,40;5,72;;;0,62;1,27;-0,06;2,34;8,72;0,79;;0,09;0,91;0,09;-5,25;-6,77;27.129.545,65;20,40;1,78;-0,16;5.382.970.521,07
BSEV3;9,32;;-15,17;-9,39;0,71;20,68;14,14;-6,03;6,47;10,61;4,14;;0,91;-1,48;-1,21;0,46;-61,90;-4,66;22,54;-0,08;1,07;0,77;7,69;;1.526.634,54;-0,99;-0,61;0,79;9.510.402.250,32
BSLI3;37,50;6,59;30,28;20,08;0,55;75,23;26,67;18,74;21,28;20,29;;;5,67;-2,71;-0,68;0,49;66,32;1,81;;0,03;0,97;0,10;4,45;28,11;161.772,20;1,87;1,24;3,89;12.984.203.750,00
BSLI4;29,90;9,09;24,14;16,01;0,44;75,23;26,67;18,74;16,97;20,29;;;4,52;-2,16;-0,54;0,49;66,32;1,81;;0,03;0,97;0,10;4,45;28,11;91.516,32;1,87;1,24;3,10;12.984.203.750,00
BTOW3;59,75;;-125,62;3,63;1,71;28,59;1,12;-2,34;262,49;244,57;-17,92;-0,25;2,94;4,61;-4,71;2,38;-2,89;-1,36;0,60;0,47;0,53;0,58;2,35;;278.560.251,00;16,48;-0,48;17,54;33.465.124.279,50
BTTL3;12,33;;11,53;7,05;1,18;18,69;6,52;3,50;6,19;7,26;1,07;1,22;0,40;18,81;-2,08;1,17;61,18;10,24;35,04;0,17;0,83;2,92;5,92;-24,36;148.828,85;1,75;1,07;0,18;183.230.803,44
BTTL4;11.091,73;;10.368,59;6.343,50;1.062,25;18,69;6,52;3,50;5.567,43;7,26;1,07;1,22;363,21;16.921,20;-1.868,37;1,17;61,18;10,24;35,04;0,17;0,83;2,92;5,92;-24,36;;1,75;1,07;160,97;183.230.803,44
CALI3;98,18;;18,80;11,06;0,29;18,39;12,73;6,47;9,55;12,74;6,31;7,31;1,22;0,97;-0,58;2,56;58,84;1,56;8,37;0,03;0,97;0,24;-7,97;-33,18;;8,87;5,22;-0,17;24.582.197,20
CALI4;50,00;;9,58;5,63;0,15;18,39;12,73;6,47;4,86;12,74;6,31;7,31;0,62;0,49;-0,30;2,56;58,84;1,56;8,37;0,03;0,97;0,24;-7,97;-33,18;9.554,00;8,87;5,22;-0,09;24.582.197,20
CAMB3;5,44;;15,05;2,33;0,83;44,54;7,73;10,53;20,52;25,97;5,45;0,62;1,59;-33,03;-1,29;0,93;15,47;5,54;1,58;0,36;0,64;0,53;-11,36;;740.879,58;2,34;0,36;-0,42;229.922.035,20
CAMB4;6,25;;17,29;2,67;0,96;44,54;7,73;10,53;23,57;25,97;5,45;0,62;1,82;-37,95;-1,48;0,93;15,47;5,54;1,58;0,36;0,64;0,53;-11,36;;;2,34;0,36;-0,48;229.922.035,20
CAML3;9,72;6,15;7,77;1,33;0,58;22,25;8,33;6,20;5,78;7,79;2,01;0,46;0,48;1,63;-1,52;2,38;17,08;7,50;10,80;0,44;0,56;1,21;12,04;33,10;16.248.706,96;7,32;1,25;0,15;3.596.400.000,00
CARD3;25,22;1,84;20,97;3,49;1,95;30,59;16,35;10,78;13,83;14,56;0,73;0,18;2,26;62,33;-2,74;1,12;16,63;9,32;13,18;0,56;0,44;0,86;-0,29;19,73;11.567.914,46;7,23;1,20;0,36;1.054.196.000,00
CASH3;37,22;0,10;239,73;13,16;12,48;22,71;22,71;15,66;165,22;153,60;-11,62;-0,93;37,53;14,03;-208,93;18,49;5,49;5,20;5,56;0,95;0,05;0,33;;;98.181.807,96;2,83;0,16;;4.705.836.260,00
CASN3;14,30;0,29;101,69;8,64;3,04;50,85;24,24;9,84;41,27;37,54;4,83;1,01;10,00;-155,14;-3,50;0,87;8,50;2,99;7,85;0,35;0,65;0,30;7,49;59,39;1.520,00;1,66;0,14;-16,95;9.067.999.874,79
CASN4;8,37;0,54;59,52;5,06;1,78;50,85;24,24;9,84;24,15;37,54;4,83;1,01;5,85;-90,80;-2,05;0,87;8,50;2,99;7,85;0,35;0,65;0,30;7,49;59,39;;1,66;0,14;-9,92;9.067.999.874,79
CATA3;103,61;;-2,13;0,12;0,06;17,94;-6,16;-5,09;-1,76;-4,90;-3,15;0,21;0,11;0,25;-0,12;2,22;-5,43;-3,00;-5,07;0,55;0,45;0,59;-4,76;;;897,16;-48,70;0,01;14.940.354,78
CATA4;0,00;;0,00;0,00;0,00;17,94;-6,16;-5,09;0,00;-4,90;-3,15;0,21;0,00;0,00;0,00;2,22;-5,43;-3,00;-5,07;0,55;0,45;0,59;-4,76;;;897,16;-48,70;0,00;14.940.354,78
CBEE3;23,45;;53,85;1,08;0,33;12,42;3,90;1,12;15,52;32,42;16,90;1,18;0,60;-5,30;-0,45;0,81;2,01;0,61;2,59;0,30;0,70;0,55;3,81;;252.012,00;21,62;0,44;-0,72;3.907.574.944,70
CCPR3;12,92;7,46;38,93;0,67;0,40;63,04;50,22;10,42;8,07;12,48;4,40;0,37;4,06;6,05;-0,45;2,57;1,72;1,03;4,79;0,60;0,40;0,10;4,82;19,63;5.658.189,65;19,26;0,33;0,72;1.972.166.229,40
CCRO3;13,26;2,07;140,21;3,37;0,80;34,64;20,58;1,93;13,16;19,89;6,73;1,73;2,71;53,16;-1,06;1,07;2,41;0,57;5,17;0,24;0,76;0,30;3,13;-35,76;176.848.054,54;3,93;0,09;-1,62;26.785.200.000,00
CCXC3;1,16;;0,33;-0,03;0,20;;;;-0,88;-0,87;0,01;;;-0,03;;0,13;-9,19;61,31;3,45;-6,67;7,68;0,00;;;;-38,15;3,51;0,00;1.973.425,64
CEAB3;12,78;;-23,68;1,48;0,54;46,42;-4,02;-4,07;-23,99;-22,17;1,81;-0,11;0,96;3,11;-1,04;1,56;-6,27;-2,28;-6,56;0,36;0,64;0,56;;;33.833.510,85;8,61;-0,54;0,00;3.939.371.969,04
CEBR3;189,98;20,30;6,33;3,04;0,71;48,92;51,47;169,54;20,85;21,25;-0,32;-0,05;10,73;5,79;-5,31;1,17;48,02;11,28;10,73;0,23;0,77;0,07;-36,10;56,67;840.935,92;62,49;30,01;0,02;2.832.987.751,44
CEBR5;210,00;19,44;7,00;3,36;0,79;48,92;51,47;169,54;23,05;21,25;-0,32;-0,05;11,86;6,39;-5,87;1,17;48,02;11,28;10,73;0,23;0,77;0,07;-36,10;56,67;89.281,13;62,49;30,01;0,03;2.832.987.751,44
CEBR6;203,00;20,90;6,76;3,25;0,76;48,92;51,47;169,54;22,28;21,25;-0,32;-0,05;11,47;6,18;-5,67;1,17;48,02;11,28;10,73;0,23;0,77;0,07;-36,10;56,67;373.189,48;62,49;30,01;0,03;2.832.987.751,44
CEDO3;10,44;;-2,52;0,70;0,15;16,76;0,18;-6,71;91,66;249,00;170,12;1,30;0,17;-8,48;-0,27;0,96;-27,87;-6,02;0,15;0,22;0,78;0,90;9,31;;49.056,00;14,89;-4,15;-0,02;89.847.082,56
CEDO4;7,05;;-1,70;0,47;0,10;16,76;0,18;-6,71;61,90;249,00;170,12;1,30;0,11;-5,73;-0,18;0,96;-27,87;-6,02;0,15;0,22;0,78;0,90;9,31;;312.522,81;14,89;-4,15;-0,01;89.847.082,56
CEEB3;40,99;2,58;8,38;1,67;0,49;22,41;16,01;10,78;5,65;11,14;4,36;1,29;0,90;7,93;-0,62;1,41;19,96;5,82;10,55;0,29;0,71;0,54;10,93;29,39;122.587,05;24,51;4,89;0,38;12.911.157.637,95
CEEB5;44,17;2,39;9,03;1,80;0,53;22,41;16,01;10,78;6,08;11,14;4,36;1,29;0,97;8,54;-0,67;1,41;19,96;5,82;10,55;0,29;0,71;0,54;10,93;29,39;7.117,00;24,51;4,89;0,41;12.911.157.637,95
CEEB6;60,68;1,92;12,40;2,48;0,72;22,41;16,01;10,78;8,36;11,14;4,36;1,29;1,34;11,74;-0,91;1,41;19,96;5,82;10,55;0,29;0,71;0,54;10,93;29,39;;24,51;4,89;0,57;12.911.157.637,95
CEED3;58,98;;-0,35;-0,10;0,14;-1,71;-19,46;-46,18;-0,83;-2,19;-1,36;;0,16;-0,53;-0,20;0,51;-28,26;-40,42;14,65;-1,43;2,43;0,88;-0,25;;50.196,64;-593,23;-167,64;-0,01;570.209.374,12
CEED4;54,34;;-0,32;-0,09;0,13;-1,71;-19,46;-46,18;-0,77;-2,19;-1,36;;0,15;-0,49;-0,18;0,51;-28,26;-40,42;14,65;-1,43;2,43;0,88;-0,25;;11.785,00;-593,23;-167,64;-0,01;570.209.374,12
CEGR3;60,10;2,26;44,32;13,07;4,57;32,84;19,21;11,05;25,51;26,93;1,42;0,73;4,90;-74,61;-6,01;0,80;29,48;10,32;18,65;0,35;0,65;0,93;-3,10;4,36;31.096,00;4,60;1,36;-7,93;15.604.227.693,20
CEPE3;125,67;2,77;33,70;5,23;0,84;16,03;8,41;3,88;15,57;22,48;8,28;2,78;1,31;16,74;-1,08;1,29;15,52;2,48;7,23;0,16;0,84;0,64;8,76;62,59;92.909,67;24,02;3,73;0,64;8.548.311.499,31
CEPE5;26,00;13,40;6,97;1,08;0,17;16,03;8,41;3,88;3,22;22,48;8,28;2,78;0,27;3,46;-0,22;1,29;15,52;2,48;7,23;0,16;0,84;0,64;8,76;62,59;54.199,65;24,02;3,73;0,13;8.548.311.499,31
CEPE6;28,45;13,47;7,63;1,18;0,19;16,03;8,41;3,88;3,52;22,48;8,28;2,78;0,30;3,79;-0,24;1,29;15,52;2,48;7,23;0,16;0,84;0,64;8,76;62,59;19.875,46;24,02;3,73;0,14;8.548.311.499,31
CESP3;28,25;9,19;5,17;1,31;0,64;34,03;47,26;88,93;9,72;10,02;1,03;0,14;4,59;1.149,03;-0,70;1,01;25,40;12,31;-5,64;0,48;0,52;0,14;-8,26;;425.979,88;21,53;5,47;0,17;8.553.278.921,85
CESP5;33,71;7,70;6,17;1,57;0,76;34,03;47,26;88,93;11,60;10,02;1,03;0,14;5,48;1.371,10;-0,83;1,01;25,40;12,31;-5,64;0,48;0,52;0,14;-8,26;;66.737,63;21,53;5,47;0,20;8.553.278.921,85
CESP6;25,05;10,36;4,58;1,16;0,56;34,03;47,26;88,93;8,62;10,02;1,03;0,14;4,07;1.018,87;-0,62;1,01;25,40;12,31;-5,64;0,48;0,52;0,14;-8,26;;60.106.062,12;21,53;5,47;0,15;8.553.278.921,85
CGAS3;140,02;6,07;16,13;31,45;1,75;33,80;24,09;13,83;9,26;11,97;2,71;9,21;2,23;30,14;-2,90;1,17;195,00;10,84;18,79;0,06;0,94;0,78;4,74;10,49;33.287,00;4,45;8,68;-1,02;18.555.532.591,74
CGAS5;156,89;5,96;18,07;35,24;1,96;33,80;24,09;13,83;10,38;11,97;2,71;9,21;2,50;33,77;-3,25;1,17;195,00;10,84;18,79;0,06;0,94;0,78;4,74;10,49;301.128,50;4,45;8,68;-1,14;18.555.532.591,74
CGRA3;32,24;3,95;8,88;1,00;0,70;53,59;16,87;15,78;8,31;6,01;-2,39;-0,29;1,40;2,42;-1,39;2,43;11,23;7,92;9,07;0,71;0,29;0,50;3,76;8,78;38.828,08;32,34;3,63;-0,20;637.545.074,34
CGRA4;32,86;3,87;9,05;1,02;0,72;53,59;16,87;15,78;8,47;6,01;-2,39;-0,29;1,43;2,47;-1,41;2,43;11,23;7,92;9,07;0,71;0,29;0,50;3,76;8,78;512.114,77;32,34;3,63;-0,20;637.545.074,34
CIEL3;3,49;2,66;-22,90;1,00;0,12;27,35;-0,58;-3,72;-145,57;-145,96;-0,39;0,00;0,85;1,17;-0,80;1,13;-4,35;-0,51;-2,34;0,12;0,88;0,14;0,11;;93.806.268,62;3,50;-0,15;0,17;9.481.684.562,89
CLSC3;68,00;2,79;4,57;1,20;0,25;13,42;8,09;6,19;3,50;4,81;1,31;0,45;0,28;4,14;-0,40;1,19;26,28;5,45;12,25;0,21;0,79;0,88;4,67;31,75;9.111,88;56,62;14,88;0,07;2.622.637.743,46
CLSC4;67,99;3,06;4,57;1,20;0,25;13,42;8,09;6,19;3,50;4,81;1,31;0,45;0,28;4,14;-0,40;1,19;26,28;5,45;12,25;0,21;0,79;0,88;4,67;31,75;467.295,65;56,62;14,88;0,07;2.622.637.743,46
CMIG3;14,45;8,48;8,54;1,40;0,45;21,34;18,66;11,35;5,20;6,70;2,12;0,57;0,97;4,24;-0,63;1,60;16,39;5,30;11,60;0,32;0,68;0,47;2,90;3,02;11.427.538,35;10,32;1,69;-1,01;21.538.035.754,20
CMIG4;11,85;10,35;7,01;1,15;0,37;21,34;18,66;11,35;4,26;6,70;2,12;0,57;0,80;3,48;-0,52;1,60;16,39;5,30;11,60;0,32;0,68;0,47;2,90;3,02;126.506.065,54;10,32;1,69;-0,83;21.538.035.754,20
CMIN3;10,62;0,49;9,91;4,48;2,72;62,62;51,90;34,03;6,50;6,09;-0,41;-0,28;3,37;13,76;-4,54;1,98;45,24;27,48;44,14;0,61;0,39;0,81;;;77.542.130,73;2,37;1,07;0,12;59.379.033.985,56
CMSA3;0,00;;0,00;0,00;0,00;;;;0,00;0,14;0,14;-0,77;;0,00;0,00;21,06;-531,63;-512,78;-539,83;0,96;0,04;0,00;;;;0,00;0,00;0,00;0,00
CMSA4;0,00;;0,00;0,00;0,00;;;;0,00;0,14;0,14;-0,77;;0,00;0,00;21,06;-531,63;-512,78;-539,83;0,96;0,04;0,00;;;;0,00;0,00;0,00;0,00
CNSY3;30,22;;-20,97;-893,87;5,06;-52,25;-85,23;-108,51;-26,70;-30,07;-3,37;;22,76;-29,15;-5,60;0,35;-4.262,46;-24,15;-29,25;-0,01;1,01;0,22;-13,15;;;-0,03;-1,44;0,01;935.885.083,86
COCE3;64,38;;18,60;1,52;0,51;11,35;6,40;4,49;13,04;16,49;6,95;0,81;0,83;20,93;-0,71;1,09;8,15;2,73;4,16;0,34;0,66;0,61;7,29;-6,09;9.669,80;42,48;3,46;-0,42;3.665.637.513,60
COCE5;56,63;;16,36;1,33;0,45;11,35;6,40;4,49;11,47;16,49;6,95;0,81;0,73;18,41;-0,63;1,09;8,15;2,73;4,16;0,34;0,66;0,61;7,29;-6,09;784.334,38;42,48;3,46;-0,37;3.665.637.513,60
COCE6;19,17;;5,54;0,45;0,15;11,35;6,40;4,49;3,88;16,49;6,95;0,81;0,25;6,23;-0,21;1,09;8,15;2,73;4,16;0,34;0,66;0,61;7,29;-6,09;;42,48;3,46;-0,13;3.665.637.513,60
COGN3;3,97;;-1,28;0,52;0,24;63,05;-61,43;-110,19;-2,30;-4,18;-1,88;0,43;1,41;1,86;-0,35;1,76;-40,64;-18,86;-14,04;0,46;0,54;0,17;0,02;;166.982.316,65;7,61;-3,09;0,00;7.450.126.653,70
CORR3;2,71;;0,01;0,06;0,00;77,73;30,07;26,29;0,01;-2,46;-2,68;-14,13;0,00;0,00;-0,02;15,08;460,80;22,31;451,11;0,05;0,95;0,85;44,77;;;48,59;223,90;0,00;1.278.894,65
CORR4;82,00;;0,37;1,69;0,08;77,73;30,07;26,29;0,32;-2,46;-2,68;-14,13;0,10;0,11;-0,49;15,08;460,80;22,31;451,11;0,05;0,95;0,85;44,77;;;48,59;223,90;0,00;1.278.894,65
CPFE3;27,65;11,95;8,75;2,24;0,65;22,40;16,55;11,79;6,23;8,79;2,56;0,92;1,03;-53,62;-0,90;0,96;25,59;7,42;12,15;0,29;0,71;0,63;8,45;33,47;71.432.330,62;12,35;3,16;0,25;31.859.835.266,00
CPLE11;28,91;1,35;3,79;0,82;0,34;27,70;22,77;21,46;3,57;5,08;1,51;0,35;0,81;12,87;-0,44;1,12;21,72;8,85;10,77;0,41;0,59;0,41;4,51;25,31;34.344.158,91;35,15;7,63;0,06;15.822.753.782,50
CPLE3;5,43;15,35;3,56;0,77;0,31;27,70;22,77;21,46;3,35;5,08;1,51;0,35;0,76;12,09;-0,42;1,12;21,72;8,85;10,77;0,41;0,59;0,41;4,51;25,31;12.664.029,65;7,03;1,53;0,05;15.822.753.782,50
CPLE5;134,06;0,91;87,81;19,07;7,77;27,70;22,77;21,46;82,78;5,08;1,51;0,35;18,85;298,39;-10,26;1,12;21,72;8,85;10,77;0,41;0,59;0,41;4,51;25,31;;7,03;1,53;1,31;15.822.753.782,50
CPLE6;5,95;15,48;3,90;0,85;0,34;27,70;22,77;21,46;3,67;5,08;1,51;0,35;0,84;13,24;-0,46;1,12;21,72;8,85;10,77;0,41;0,59;0,41;4,51;25,31;82.108.768,96;7,03;1,53;0,06;15.822.753.782,50
CPRE3;18,23;;13,66;1,81;0,88;53,20;39,33;36,04;12,52;14,20;1,68;0,24;4,92;-5,47;-1,00;0,42;13,27;6,46;7,73;0,49;0,51;0,18;7,96;;5.456,00;10,05;1,33;0,02;10.824.655.047,92
CRDE3;25,00;;-3,92;0,56;0,50;-26,75;-721,03;-762,69;-4,15;-2,95;1,20;-0,16;29,89;3,50;-0,64;2,89;-14,41;-12,76;-15,48;0,89;0,11;0,02;-41,45;;16.706,42;44,27;-6,38;-0,06;60.553.825,00
CREM3;14,50;;32,70;2,45;0,67;30,30;7,39;2,10;9,28;13,11;3,84;1,01;0,69;4,89;-1,69;1,29;7,50;2,05;9,29;0,27;0,73;0,98;1,09;;;5,91;0,44;22,14;465.122.474,00
CRFB3;21,38;1,16;15,89;2,49;0,82;19,55;6,33;3,75;9,42;9,45;0,02;0,01;0,60;61,25;-1,61;1,03;15,67;5,15;15,00;0,33;0,67;1,37;11,38;23,62;79.924.225,96;8,59;1,35;0,10;42.444.268.391,30
CRIV3;5,34;;10,10;0,55;0,06;68,16;12,20;8,81;7,30;7,83;;;0,89;0,67;-0,07;2,55;5,41;0,58;;0,11;0,89;0,07;-7,18;6,86;23.671,60;9,77;0,53;-0,41;589.940.970,21
CRIV4;6,25;6,95;11,82;0,64;0,07;68,16;12,20;8,81;8,54;7,83;;;1,04;0,78;-0,08;2,55;5,41;0,58;;0,11;0,89;0,07;-7,18;6,86;24.449,58;9,77;0,53;-0,48;589.940.970,21
CRPG3;62,03;1,42;9,76;2,47;1,69;36,04;18,15;25,21;13,56;11,51;-2,96;-0,54;2,46;2,67;-7,79;5,27;25,34;17,34;10,61;0,68;0,32;0,69;15,93;;16.774,71;25,08;6,36;0,14;1.921.870.730,95
CRPG5;68,49;1,29;10,78;2,73;1,87;36,04;18,15;25,21;14,97;11,51;-2,96;-0,54;2,72;2,95;-8,60;5,27;25,34;17,34;10,61;0,68;0,32;0,69;15,93;;958.643,65;25,08;6,36;0,16;1.921.870.730,95
CRPG6;64,49;1,37;10,15;2,57;1,76;36,04;18,15;25,21;14,09;11,51;-2,96;-0,54;2,56;2,78;-8,10;5,27;25,34;17,34;10,61;0,68;0,32;0,69;15,93;;115.507,28;25,08;6,36;0,15;1.921.870.730,95
CSAB3;65,80;;9,90;2,54;1,26;169,17;1.391,38;1.507,38;10,73;7,15;;;149,25;12,40;-1,54;2,24;25,66;12,70;;0,49;0,51;0,01;-41,88;2,02;18.090,43;25,90;6,65;0,05;336.960.000,00
CSAB4;21,95;;3,30;0,85;0,42;169,17;1.391,38;1.507,38;3,58;7,15;;;49,79;4,14;-0,51;2,24;25,66;12,70;;0,49;0,51;0,01;-41,88;2,02;25.830,67;25,90;6,65;0,02;336.960.000,00
CSAN3;21,86;2,89;12,02;0,89;0,29;27,34;17,98;6,31;4,22;8,70;4,48;0,95;0,76;2,04;-0,42;1,78;7,40;2,38;8,04;0,32;0,68;0,38;10,10;0,61;195.631.043,81;24,56;1,82;-0,19;10.241.797.643,38
CSED3;12,30;;-134,98;10,39;1,28;47,92;9,77;-1,93;26,70;33,30;6,59;2,56;2,61;-52,18;-1,46;0,83;-7,70;-0,95;9,18;0,12;0,88;0,49;;;4.138.031,19;1,18;-0,09;1,05;4.696.413.552,00
CSMG3;17,12;16,44;7,44;0,98;0,55;44,84;24,20;16,09;4,94;6,98;2,03;0,41;1,20;14,97;-0,67;1,25;13,24;7,38;9,83;0,56;0,44;0,46;6,86;;43.670.396,85;17,39;2,30;0,37;6.509.932.541,28
CSNA3;50,74;1,29;6,77;4,89;1,01;41,91;34,92;28,37;5,50;6,75;1,25;1,11;1,92;5,32;-1,76;1,80;72,25;14,92;21,59;0,21;0,75;0,53;14,52;;580.761.456,92;10,37;7,49;0,00;70.402.970.144,78
CSRN3;16,00;10,61;7,22;1,88;0,55;22,69;17,01;12,81;5,43;8,52;3,14;1,09;0,92;4,96;-0,73;1,90;26,01;7,69;12,44;0,30;0,70;0,60;9,71;12,94;39.652,88;8,53;2,22;0,29;2.662.354.981,70
CSRN5;16,20;11,53;7,31;1,90;0,56;22,69;17,01;12,81;5,50;8,52;3,14;1,09;0,94;5,02;-0,74;1,90;26,01;7,69;12,44;0,30;0,70;0,60;9,71;12,94;8.598,95;8,53;2,22;0,30;2.662.354.981,70
CSRN6;15,30;12,21;6,90;1,79;0,53;22,69;17,01;12,81;5,19;8,52;3,14;1,09;0,88;4,74;-0,69;1,90;26,01;7,69;12,44;0,30;0,70;0,60;9,71;12,94;21.563,67;8,53;2,22;0,28;2.662.354.981,70
CTCA3;0,00;;0,00;0,00;0,00;65,58;28,66;19,87;0,00;-1,35;-1,35;-0,20;0,00;0,00;0,00;2,86;10,41;7,84;7,86;0,75;0,25;0,39;26,66;30,12;;1,86;0,19;0,00;0,00
CTKA3;30,58;;2,36;-0,99;0,37;40,29;22,07;21,18;2,26;7,91;5,81;;0,50;1,46;-0,92;1,75;-42,05;15,83;17,69;-0,38;1,38;0,75;7,67;;37.315,11;-30,85;12,97;0,00;176.153.056,11
CTKA4;26,49;;2,04;-0,86;0,32;40,29;22,07;21,18;1,96;7,91;5,81;;0,43;1,26;-0,80;1,75;-42,05;15,83;17,69;-0,38;1,38;0,75;7,67;;164.176,42;-30,85;12,97;0,00;176.153.056,11
CTNM3;11,60;;-1,70;0,24;0,08;29,33;2,13;-10,60;8,46;38,34;31,93;0,90;0,18;2,03;-0,14;1,12;-14,06;-4,92;-1,25;0,35;0,65;0,46;-5,17;;10.467,58;48,66;-6,84;-0,01;269.423.304,22
CTNM4;6,46;;-0,94;0,13;0,05;29,33;2,13;-10,60;4,71;38,34;31,93;0,90;0,10;1,13;-0,08;1,12;-14,06;-4,92;-1,25;0,35;0,65;0,46;-5,17;;256.838,38;48,66;-6,84;0,00;269.423.304,22
CTSA3;2,59;1,18;-76,77;1,02;0,44;15,55;2,86;-0,79;21,30;39,79;18,49;0,88;0,61;83,03;-0,75;1,01;-1,33;-0,58;1,39;0,44;0,56;0,73;6,86;;138.073,23;2,55;-0,03;0,57;288.264.746,70
CTSA4;2,07;1,47;-61,36;0,81;0,35;15,55;2,86;-0,79;17,02;39,79;18,49;0,88;0,49;66,36;-0,60;1,01;-1,33;-0,58;1,39;0,44;0,56;0,73;6,86;;64.489,35;2,55;-0,03;0,45;288.264.746,70
CTSA8;0,00;;0,00;0,00;0,00;15,55;2,86;-0,79;0,00;39,79;18,49;0,88;0,00;0,00;0,00;1,01;-1,33;-0,58;1,39;0,44;0,56;0,73;6,86;;;2,55;-0,03;0,00;288.264.746,70
CURY3;10,25;3,84;18.603,83;4.657,19;1.818,99;37,42;19,66;14,05;13.295,23;13.294,55;-0,69;-0,24;2.613,58;3.986,43;-10.238,57;2,25;25,03;9,78;21,63;0,39;0,61;0,70;;;11.492.111,77;0,00;0,00;-186,20;2.991.719.652,00
CVCB3;25,15;;-4,23;87,75;0,99;82,80;-224,58;-191,51;-3,61;-4,01;-0,40;9,72;8,10;-54,31;-2,57;0,97;-2.075,39;-23,48;-109,51;0,01;0,99;0,12;-6,66;;156.389.526,73;0,29;-5,95;0,00;5.059.608.038,70
CXSE3;11,23;;;;;;;;;;;;;;;;;;;;;;;;111.157.825,13;;0,00;;33.690.000.000,00
CYRE3;23,67;12,27;5,38;1,63;0,83;32,70;57,66;46,04;4,29;4,68;0,39;0,15;2,47;2,39;-1,76;2,88;30,37;15,40;20,53;0,51;0,49;0,33;-2,51;25,27;116.110.313,23;14,50;4,40;0,02;9.461.912.052,33
DASA3;58,00;0,49;-208,37;8,89;2,35;24,94;2,37;-2,14;188,67;211,63;22,96;1,08;4,46;26,23;-3,44;1,40;-4,26;-1,13;1,07;0,27;0,73;0,53;20,30;;28.258.297,15;6,53;-0,28;0,94;31.422.217.518,00
DIRR3;13,63;5,94;16,07;1,70;0,41;34,88;15,49;8,02;8,32;8,87;0,56;0,11;1,29;0,96;-0,87;4,92;10,55;2,53;8,86;0,24;0,74;0,32;-0,89;-0,79;15.301.983,92;8,04;0,85;0,36;2.090.824.948,87
DMMO3;0,89;;-0,83;-0,36;0,95;-10,45;-53,90;-98,60;-1,53;-1,03;0,50;;0,82;-1,19;-1,70;0,36;-43,56;-113,37;23,96;-2,60;3,60;1,15;-10,63;;6.726.636,19;-2,45;-1,07;-0,01;274.074.302,06
DMVF3;9,70;;3.990,63;0,59;0,34;32,35;0,66;0,01;73,85;62,55;-11,29;-0,09;0,49;2,97;-0,51;1,52;0,01;0,01;-1,16;0,57;0,43;0,69;;;2.406.446,12;16,52;0,00;-2,29;490.847.567,40
DOHL3;27,18;2,56;24,47;3,14;2,37;29,08;13,26;16,10;29,70;22,45;-0,78;-0,08;3,94;5,43;-5,12;5,24;12,82;9,67;6,74;0,75;0,25;0,60;5,55;24,38;20.037,17;8,67;1,11;0,15;1.607.288.362,95
DOHL4;5,99;12,78;5,39;0,69;0,52;29,08;13,26;16,10;6,55;22,45;-0,78;-0,08;0,87;1,20;-1,13;5,24;12,82;9,67;6,74;0,75;0,25;0,60;5,55;24,38;123.898,23;8,67;1,11;0,03;1.607.288.362,95
DTCY3;9,80;;468,18;21,60;4,26;30,06;7,36;1,41;89,41;108,37;-0,55;-0,13;6,58;-21,22;-5,82;0,57;4,61;0,91;15,37;0,20;0,80;0,65;4,04;;134.349,32;0,45;0,02;-4,58;132.879.667,80
DTCY4;62,60;;2.990,60;137,98;27,20;30,06;7,36;1,41;571,15;108,37;-0,55;-0,13;42,03;-135,57;-37,17;0,57;4,61;0,91;15,37;0,20;0,80;0,65;4,04;;;0,45;0,02;-29,28;132.879.667,80
DTEX3;21,31;3,51;25,66;2,93;1,31;31,91;12,88;8,86;17,65;19,89;2,24;0,37;2,27;9,11;-2,04;1,69;11,44;5,12;8,44;0,45;0,55;0,58;8,21;18,81;49.018.740,31;7,26;0,83;0,79;14.741.927.716,31
EALT3;15,68;2,12;13,43;1,96;0,79;25,87;12,86;9,91;10,35;8,91;1,79;0,34;1,33;12,95;-1,38;1,16;14,57;5,86;8,87;0,40;0,60;0,59;11,42;190,50;50.754,27;8,01;1,17;0,20;242.640.000,00
EALT4;7,04;5,20;6,03;0,88;0,35;25,87;12,86;9,91;4,65;8,91;1,79;0,34;0,60;5,82;-0,62;1,16;14,57;5,86;8,87;0,40;0,60;0,59;11,42;190,50;555.431,58;8,01;1,17;0,09;242.640.000,00
ECOR3;12,21;;-16,09;121,42;0,61;41,08;21,64;-10,60;7,88;16,01;8,13;125,34;1,71;-8,88;-0,73;0,69;-754,68;-3,82;4,31;0,01;0,99;0,36;7,89;;58.552.151,69;0,10;-0,76;-0,13;6.821.715.766,80
ECPR3;77,00;;-2,64;0,93;0,52;;;;-3,16;-3,11;0,01;0,00;;349,18;-0,52;1,42;-35,04;-19,57;-29,55;0,56;0,44;0,00;;;7.733,00;83,14;-29,13;-0,01;144.522.337,24
ECPR4;74,96;;-2,57;0,90;0,50;;;;-3,07;-3,11;0,01;0,00;;339,93;-0,51;1,42;-35,04;-19,57;-29,55;0,56;0,44;0,00;;;10.030,67;83,14;-29,13;-0,01;144.522.337,24
EEEL3;493,30;2,90;17,09;1,86;0,85;55,28;42,80;21,01;8,39;8,37;-0,05;-0,01;3,59;4,01;-1,24;3,19;10,91;5,00;13,55;0,46;0,54;0,24;14,95;26,66;100.000,00;264,59;28,87;-0,60;4.781.124.075,81
EEEL4;592,63;4,33;20,53;2,24;1,03;55,28;42,80;21,01;10,08;8,37;-0,05;-0,01;4,31;4,82;-1,49;3,19;10,91;5,00;13,55;0,46;0,54;0,24;14,95;26,66;60.000,00;264,59;28,87;-0,71;4.781.124.075,81
EGIE3;39,90;6,19;11,57;4,02;0,91;45,00;46,31;21,79;5,44;7,79;2,35;1,73;2,52;10,10;-1,14;1,79;34,79;7,83;19,43;0,23;0,77;0,36;13,49;13,25;63.504.355,38;9,91;3,45;0,47;32.555.516.826,00
EKTR3;33,45;8,68;9,85;2,03;0,72;20,19;14,52;9,17;6,22;8,82;3,37;1,10;0,90;14,83;-1,02;1,19;20,66;7,27;10,88;0,35;0,65;0,79;4,01;9,79;8.495,33;16,45;3,40;0,40;5.681.502.814,20
EKTR4;25,60;12,48;7,53;1,56;0,55;20,19;14,52;9,17;4,76;8,82;3,37;1,10;0,69;11,35;-0,78;1,19;20,66;7,27;10,88;0,35;0,65;0,79;4,01;9,79;82.825,23;16,45;3,40;0,30;5.681.502.814,20
ELEK3;19,11;;24,46;2,66;1,07;11,39;2,82;2,53;21,94;38,76;5,75;0,70;0,62;3,75;-2,60;1,94;10,87;4,36;4,38;0,40;0,60;1,72;1,48;;11.501,50;7,19;0,78;-0,35;905.051.916,30
ELEK4;36,99;;47,34;5,15;2,07;11,39;2,82;2,53;42,48;38,76;5,75;0,70;1,20;7,26;-5,02;1,94;10,87;4,36;4,38;0,40;0,60;1,72;1,48;;52.244,08;7,19;0,78;-0,68;905.051.916,30
ELET3;37,14;10,78;9,19;0,79;0,33;72,63;29,66;21,80;6,76;10,28;3,50;0,41;2,00;3,10;-0,44;1,71;8,59;3,54;6,62;0,41;0,59;0,16;-2,25;;199.225.113,12;47,01;4,04;-0,23;58.536.177.895,70
ELET5;67,20;8,05;16,63;1,43;0,59;72,63;29,66;21,80;12,23;10,28;3,50;0,41;3,63;5,61;-0,79;1,71;8,59;3,54;6,62;0,41;0,59;0,16;-2,25;;66.339,44;47,01;4,04;-0,41;58.536.177.895,70
ELET6;38,09;11,56;9,43;0,81;0,33;72,63;29,66;21,80;6,93;10,28;3,50;0,41;2,06;3,18;-0,45;1,71;8,59;3,54;6,62;0,41;0,59;0,16;-2,25;;81.708.563,04;47,01;4,04;-0,23;58.536.177.895,70
ELMD3;20,85;;-42,24;31,32;2,84;33,12;-23,64;-25,40;-45,39;-54,57;-9,18;6,34;10,73;-38,65;-3,48;0,72;-74,15;-6,71;-11,47;0,09;0,91;0,26;;;3.869.340,42;0,67;-0,49;0,07;2.878.829.097,30
ELPL3;8,41;;1,69;0,63;0,06;13,07;13,07;6,33;0,82;3,00;2,18;1,66;0,11;-10,50;-0,07;0,98;36,92;3,33;20,16;0,09;0,91;0,53;2,54;57,52;;13,45;4,97;0,06;1.660.696.309,42
EMAE3;25,35;30,82;3,97;1,22;0,62;47,88;36,45;51,17;5,58;12,07;-1,52;-0,33;2,03;2,77;-0,93;3,18;30,79;15,70;10,52;0,51;0,49;0,31;17,64;27,12;;20,72;6,38;0,02;2.282.232.276,40
EMAE4;85,85;10,01;13,46;4,14;2,11;47,88;36,45;51,17;18,89;12,07;-1,52;-0,33;6,88;9,37;-3,15;3,18;30,79;15,70;10,52;0,51;0,49;0,31;17,64;27,12;524.955,19;20,72;6,38;0,07;2.282.232.276,40
EMBR3;16,57;;-4,34;0,80;0,21;10,70;-8,38;-12,63;-6,53;-12,46;-5,93;0,73;0,55;0,62;-0,49;2,45;-18,48;-4,82;-6,10;0,26;0,73;0,38;-0,66;;170.430.038,19;20,67;-3,82;-0,27;12.269.505.779,08
ENAT3;13,78;1,41;32,14;1,33;0,84;33,41;35,15;12,05;11,02;8,22;-2,80;-0,34;3,87;2,69;-1,49;3,56;4,14;2,62;9,00;0,63;0,37;0,22;13,76;5,78;31.183.690,38;10,37;0,43;-0,68;3.662.819.150,90
ENBR3;18,35;5,45;7,38;0,99;0,37;24,10;18,78;10,06;3,96;6,14;2,18;0,55;0,74;-18,87;-0,49;0,93;13,40;4,98;10,67;0,37;0,63;0,49;7,87;4,03;66.807.044,96;18,55;2,49;0,58;11.135.704.729,90
ENEV3;15,45;;19,40;2,46;1,21;46,19;34,43;31,07;17,50;22,11;4,61;0,65;6,03;10,48;-1,47;2,75;12,71;6,21;6,19;0,49;0,51;0,20;16,39;48,99;118.370.035,23;6,27;0,80;0,29;19.548.175.906,80
ENGI11;43,71;3,16;10,80;2,11;0,35;17,99;13,29;7,23;5,87;11,12;5,25;1,89;0,78;13,30;-0,50;1,10;19,55;3,22;7,85;0,16;0,84;0,45;10,79;35,54;70.508.236,19;20,71;4,05;0,05;15.862.900.217,22
ENGI3;15,43;1,79;19,06;3,73;0,61;17,99;13,29;7,23;10,36;11,12;5,25;1,89;1,38;23,47;-0,88;1,10;19,55;3,22;7,85;0,16;0,84;0,45;10,79;35,54;297.154,96;4,14;0,81;0,09;15.862.900.217,22
ENGI4;7,00;3,94;8,65;1,69;0,28;17,99;13,29;7,23;4,70;11,12;5,25;1,89;0,62;10,65;-0,40;1,10;19,55;3,22;7,85;0,16;0,84;0,45;10,79;35,54;401.626,15;4,14;0,81;0,04;15.862.900.217,22
ENJU3;13,54;;-85,03;5,32;5,00;35,41;-39,09;-39,10;-85,05;-68,88;16,16;-1,01;33,25;5,53;-118,09;17,86;-6,26;-5,88;-6,26;0,94;0,06;0,15;;;23.260.911,27;2,54;-0,16;-2,20;2.646.641.892,28
ENMA3B;50,49;3,21;11,84;2,77;1,05;32,69;21,80;17,05;9,26;;0,92;0,28;2,02;7,94;-1,80;1,47;23,36;8,87;13,63;0,38;0,62;0,52;8,44;15,47;;18,26;4,27;1,44;
ENMA6B;83,99;3,14;19,69;4,60;1,75;32,69;21,80;17,05;15,40;;0,92;0,28;3,36;13,21;-2,99;1,47;23,36;8,87;13,63;0,38;0,62;0,52;8,44;15,47;;18,26;4,27;2,40;
ENMT3;49,90;;16,11;3,93;1,15;22,44;18,28;13,30;11,73;14,56;2,82;0,94;2,14;9,67;-1,88;1,45;24,38;7,16;10,86;0,29;0,71;0,54;7,41;71,84;75.299,67;12,70;3,10;1,14;10.939.543.972,60
ENMT4;50,00;1,14;16,15;3,94;1,16;22,44;18,28;13,30;11,75;14,56;2,82;0,94;2,15;9,69;-1,88;1,45;24,38;7,16;10,86;0,29;0,71;0,54;7,41;71,84;41.319,45;12,70;3,10;1,14;10.939.543.972,60
EQPA3;4,23;8,98;13,00;2,77;0,76;30,26;19,90;12,23;7,99;9,50;1,50;0,52;1,59;3,84;-1,29;1,96;21,30;5,87;12,17;0,28;0,72;0,48;7,01;6,67;307.478,81;1,53;0,33;0,24;9.350.038.915,87
EQPA5;5,50;6,36;16,91;3,60;0,99;30,26;19,90;12,23;10,39;9,50;1,50;0,52;2,07;4,99;-1,67;1,96;21,30;5,87;12,17;0,28;0,72;0,48;7,01;6,67;28.008,54;1,53;0,33;0,32;9.350.038.915,87
EQPA6;10,48;3,63;32,22;6,86;1,89;30,26;19,90;12,23;19,81;9,50;1,50;0,52;3,94;9,51;-3,18;1,96;21,30;5,87;12,17;0,28;0,72;0,48;7,01;6,67;1.068,00;1,53;0,33;0,61;9.350.038.915,87
EQPA7;5,50;6,91;16,91;3,60;0,99;30,26;19,90;12,23;10,39;9,50;1,50;0,52;2,07;4,99;-1,67;1,96;21,30;5,87;12,17;0,28;0,72;0,48;7,01;6,67;26.078,62;1,53;0,33;0,32;9.350.038.915,87
EQTL3;23,83;4,36;8,09;1,96;0,55;33,46;26,73;16,63;5,04;7,16;2,13;0,83;1,35;4,06;-0,82;1,68;24,23;6,74;12,88;0,28;0,72;0,41;19,79;29,14;176.816.993,31;12,15;2,94;0,35;24.080.479.155,55
ESPA3;16,50;0,37;64,90;11,56;2,76;45,72;13,16;11,90;58,65;63,83;5,18;1,02;7,72;20,77;-6,50;1,30;17,81;4,25;1,32;0,24;0,76;0,36;;;19.685.269,42;1,43;0,25;2,99;4.029.886.839,00
ESTR3;17,80;;-0,92;-0,03;0,06;50,78;18,15;-11,33;0,57;3,25;2,39;;0,10;-0,03;-0,12;0,21;-3,18;-6,42;-5,89;-2,02;3,02;0,57;-3,90;;;-611,41;-19,42;0,01;21.556.000,00
ESTR4;31,10;;-1,60;-0,05;0,10;50,78;18,15;-11,33;1,00;3,25;2,39;;0,18;-0,05;-0,21;0,21;-3,18;-6,42;-5,89;-2,02;3,02;0,57;-3,90;;59.991,20;-611,41;-19,42;0,03;21.556.000,00
ETER3;23,40;;7,62;5,62;1,62;33,27;27,60;23,23;6,41;6,33;-0,08;-0,07;1,77;4,57;-4,67;2,20;73,83;21,30;54,62;0,29;0,71;0,92;-6,86;40,09;70.489.722,81;4,16;3,07;-0,01;1.209.207.987,00
EUCA3;23,70;1,57;15,23;1,48;0,80;31,45;10,81;8,02;11,29;9,44;2,17;0,28;1,22;13,20;-1,22;1,22;9,73;5,27;4,85;0,54;0,46;0,66;9,47;68,84;337.937,96;15,99;1,56;0,13;1.413.943.759,32
EUCA4;10,97;3,73;7,05;0,69;0,37;31,45;10,81;8,02;5,23;9,44;2,17;0,28;0,57;6,11;-0,56;1,22;9,73;5,27;4,85;0,54;0,46;0,66;9,47;68,84;4.042.306,31;15,99;1,56;0,06;1.413.943.759,32
EVEN3;9,86;5,72;142,35;0,84;0,40;28,87;16,28;0,88;7,68;4,61;-3,07;-0,34;1,25;0,97;-1,52;2,30;0,59;0,28;8,15;0,48;0,52;0,32;-5,40;-18,59;13.518.497,00;11,70;0,07;-1,62;2.090.320.000,00
EZTC3;32,33;1,31;18,11;1,77;1,56;43,04;28,41;43,26;27,58;23,55;-4,03;-0,26;7,84;4,18;-2,86;5,50;9,80;8,59;5,96;0,88;0,12;0,20;2,84;-1,36;66.773.037,31;18,22;1,79;0,41;7.338.910.000,00
FBMC3;0,00;;0,00;0,00;0,00;-60,76;-92,67;-101,97;0,00;-0,74;-0,67;;0,00;0,00;0,00;0,31;-24,19;-36,57;25,82;-1,51;2,51;0,36;-18,14;;;-87,48;-21,16;0,00;904.253,84
FBMC4;1,96;;-0,09;-0,02;0,03;-60,76;-92,67;-101,97;-0,10;-0,74;-0,67;;0,09;-0,04;-0,05;0,31;-24,19;-36,57;25,82;-1,51;2,51;0,36;-18,14;;;-87,48;-21,16;0,00;904.253,84
FESA3;58,99;1,43;74,67;2,94;1,85;27,37;17,19;4,30;18,68;16,29;0,88;0,14;3,21;14,86;-2,55;1,83;3,94;2,48;12,04;0,63;0,37;0,58;11,62;-16,62;78.942,46;20,06;0,79;-1,09;4.296.768.000,00
FESA4;43,48;2,14;55,04;2,17;1,36;27,37;17,19;4,30;13,77;16,29;0,88;0,14;2,37;10,96;-1,88;1,83;3,94;2,48;12,04;0,63;0,37;0,58;11,62;-16,62;16.396.917,42;20,06;0,79;-0,80;4.296.768.000,00
FHER3;15,79;;-4,27;-5,74;0,47;14,36;6,99;-9,00;5,50;7,23;1,73;;0,38;3,48;-0,97;1,35;-134,47;-11,00;93,40;-0,08;1,08;1,22;-18,89;;19.434.000,23;-2,75;-3,70;0,03;850.406.514,36
FIGE3;0,00;;0,00;0,00;0,00;100,00;87,05;57,92;0,00;-18,57;-18,57;-0,35;0,00;0,00;0,00;571,40;1,24;1,23;1,24;1,00;0,00;0,02;;-24,90;;98,01;1,21;0,00;0,00
FIGE4;0,00;;0,00;0,00;0,00;100,00;87,05;57,92;0,00;-18,57;-18,57;-0,35;0,00;0,00;0,00;571,40;1,24;1,23;1,24;1,00;0,00;0,02;;-24,90;;98,01;1,21;0,00;0,00
FLEX3;0,00;;0,00;0,00;0,00;31,41;1,02;-4,75;0,00;27,40;27,40;4,82;0,00;0,00;0,00;1,17;-81,57;-5,41;-2,31;0,07;0,93;1,14;9,15;;;8,92;-7,27;0,00;0,00
FLRY3;25,98;2,81;26,02;4,87;1,50;28,86;18,04;10,05;14,51;17,38;2,88;0,97;2,62;14,77;-2,30;1,41;18,72;5,76;10,47;0,31;0,69;0,57;9,42;19,07;50.185.254,12;5,33;1,00;1,89;8.245.171.355,94
FNCN3;0,00;;0,00;0,00;0,00;97,48;-323,82;-323,82;0,00;0,00;;;0,00;0,00;0,00;12,07;-19,33;-17,87;;0,92;0,08;0,06;-37,65;;;11,63;-2,25;0,00;0,00
FRAS3;11,80;2,33;13,63;2,69;0,89;28,72;14,36;11,27;10,70;12,62;1,92;0,48;1,54;4,08;-1,78;1,77;19,73;6,52;8,91;0,33;0,67;0,58;13,81;28,25;3.729.379,62;4,39;0,87;0,03;2.567.282.847,40
FRIO3;75,41;;-2,04;24,19;0,18;17,45;5,03;-10,53;4,26;13,13;8,86;50,30;0,21;1,57;-0,57;1,20;-1.188,66;-8,85;5,42;0,01;0,99;0,84;7,27;;136.034,25;3,12;-37,05;0,00;309.690.319,14
FRTA3;8,16;;7,56;-0,25;0,48;45,64;10,28;16,94;12,46;58,62;46,16;;1,28;-0,21;-0,57;0,06;-3,28;6,41;-26,24;-1,95;2,95;0,38;-19,35;;632.089,15;-32,89;1,08;0,03;16.329.024,96
FTRT3B;0,00;;0,00;0,00;0,00;;;;0,00;0,00;0,00;0,00;;0,00;0,00;0,00;-0,95;-0,90;-2,42;0,95;0,05;0,00;;;;0,01;0,00;0,00;0,00
GBIO33;10,40;;-14,97;1,32;0,79;43,48;3,79;-10,14;40,09;47,57;7,48;0,25;1,52;7,57;-1,43;1,31;-8,83;-5,29;-0,10;0,60;0,40;0,52;12,83;-38,45;5.159.958,21;7,86;-0,69;0,06;1.108.871.982,40
GEPA3;36,13;5,22;4,86;1,78;0,60;97,03;95,99;48,37;2,45;2,46;-0,03;-0,02;2,35;-3,46;-0,91;0,67;36,71;12,27;36,51;0,33;0,67;0,25;3,60;30,90;13.215,23;20,24;7,43;0,03;3.455.313.824,97
GEPA4;36,82;5,12;4,95;1,82;0,61;97,03;95,99;48,37;2,50;2,46;-0,03;-0,02;2,40;-3,53;-0,93;0,67;36,71;12,27;36,51;0,33;0,67;0,25;3,60;30,90;40.544,71;20,24;7,43;0,03;3.455.313.824,97
GFSA3;4,48;;-17,60;0,86;0,36;20,50;0,41;-8,66;373,86;462,35;88,48;0,20;1,52;1,25;-1,12;1,73;-4,91;-2,04;-0,16;0,42;0,58;0,24;-9,34;;20.580.856,12;5,18;-0,25;-0,04;1.347.028.932,48
GGBR3;30,17;1,39;11,28;1,51;0,76;17,42;16,26;9,03;6,27;8,43;1,30;0,31;1,02;3,50;-1,24;2,30;13,36;6,76;12,15;0,51;0,49;0,75;0,11;;4.983.098,23;20,03;2,68;0,03;58.998.957.855,21
GGBR4;36,38;1,15;13,60;1,82;0,92;17,42;16,26;9,03;7,56;8,43;1,30;0,31;1,23;4,22;-1,50;2,30;13,36;6,76;12,15;0,51;0,49;0,75;0,11;;495.341.350,00;20,03;2,68;0,04;58.998.957.855,21
GGPS3;12,10;;;;;;;;;;;;;;;;;;;;;;;;29.784.604,73;;0,00;;8.076.638.559,00
GMAT3;7,82;;23,80;3,03;2,11;24,11;7,02;5,85;19,87;18,80;-1,07;-0,16;1,39;3,67;-8,10;4,46;12,72;8,85;12,60;0,70;0,30;1,51;;;38.139.217,81;2,58;0,33;0,21;17.277.086.337,78
GNDI3;83,60;;69,87;7,25;3,15;29,14;12,94;6,90;37,24;37,18;-0,06;-0,01;4,82;22,15;-4,58;1,83;10,37;4,50;8,23;0,43;0,57;0,65;29,03;66,02;341.285.719,88;11,54;1,20;0,95;51.434.241.817,20
GOAU3;15,56;1,54;10,60;1,32;0,24;17,42;16,23;3,13;2,05;3,22;1,11;0,72;0,33;1,03;-0,40;2,44;12,41;2,29;11,77;0,18;0,48;0,73;0,11;;1.228.629,27;11,83;1,47;0,03;17.365.226.096,10
GOAU4;16,18;1,48;11,02;1,37;0,25;17,42;16,23;3,13;2,13;3,22;1,11;0,72;0,35;1,07;-0,42;2,44;12,41;2,29;11,77;0,18;0,48;0,73;0,11;;140.661.386,96;11,83;1,47;0,03;17.365.226.096,10
GOLL4;25,33;;-12,76;-4,72;6,68;1,73;-52,17;-129,98;-31,79;-35,58;-3,79;;16,59;-9,45;-8,55;0,24;-37,00;-52,39;42,58;-1,42;2,38;0,40;-8,21;;166.572.515,77;-5,37;-1,99;-0,08;79.478.117.474,11
GPAR3;54,74;0,93;25,63;3,01;2,10;68,89;86,08;59,78;17,80;17,62;-0,18;-0,03;15,32;13,94;-2,61;4,23;11,73;8,18;10,50;0,70;0,30;0,14;40,68;;18.050,63;18,21;2,14;0,20;4.265.802.367,68
GPCP3;38,90;2,95;10,23;3,86;1,44;21,71;17,70;11,99;6,93;7,40;0,54;0,30;1,23;9,34;-2,45;1,60;37,71;14,09;32,96;0,37;0,63;1,18;20,13;;6.869.392,77;10,09;3,80;0,03;1.206.844.422,60
GPCP4;32,56;7,54;8,56;3,23;1,21;21,71;17,70;11,99;5,80;7,40;0,54;0,30;1,03;7,82;-2,05;1,60;37,71;14,09;32,96;0,37;0,63;1,18;20,13;;70.054,72;10,09;3,80;0,02;1.206.844.422,60
GPIV33;5,06;;-0,98;0,16;0,12;100,00;113,32;58,00;-0,50;0,28;0,79;-0,25;;0,66;-0,16;4,75;-16,09;-12,47;-30,19;0,78;0,22;-0,21;;;2.228.121,81;32,07;-5,16;0,00;381.126.951,92
GRND3;9,14;6,82;16,34;2,08;1,72;46,75;17,84;24,64;22,57;18,22;-4,35;-0,40;4,03;3,20;-5,58;4,48;12,75;10,54;7,74;0,83;0,17;0,43;-2,95;-5,56;21.712.911,23;4,39;0,56;1,30;8.245.742.400,00
GSHP3;43,53;;-0,18;-0,18;0,05;66,49;17,69;-515,29;5,17;104,68;99,50;;0,91;-3,16;-0,06;0,90;-100,93;-27,93;-3,43;-0,28;1,28;0,05;-18,98;;78.638,95;-242,94;-245,20;0,00;83.959.314,57
GUAR3;18,61;2,18;-342,13;1,85;0,67;50,61;-0,50;-0,43;-295,70;-318,21;-22,50;0,14;1,49;2,57;-1,81;1,71;-0,54;-0,20;-2,25;0,36;0,64;0,45;2,55;;16.782.540,00;10,07;-0,05;3,27;9.290.112.000,00
HAGA3;3,46;;7,38;-0,59;0,69;28,14;25,23;18,71;5,47;4,31;-0,10;;1,38;1,94;-3,90;1,76;-7,98;9,34;-17,58;-1,17;2,17;0,50;0,12;12,13;60.785,19;-5,88;0,47;0,06;33.161.333,67
HAGA4;2,45;;5,23;-0,42;0,49;28,14;25,23;18,71;3,88;4,31;-0,10;;0,98;1,37;-2,77;1,76;-7,98;9,34;-17,58;-1,17;2,17;0,50;0,12;12,13;552.765,00;-5,88;0,47;0,04;33.161.333,67
HAPV3;14,95;0,39;73,46;7,35;4,26;39,11;14,81;9,16;45,42;45,11;-0,32;-0,05;6,73;41,66;-5,75;1,65;10,00;5,79;9,28;0,58;0,42;0,63;28,32;20,33;158.043.021,54;2,03;0,20;-9,41;57.556.446.473,50
HBOR3;8,44;0,56;42,60;0,67;0,26;19,73;5,46;2,72;21,26;39,69;18,44;0,58;1,16;0,52;-0,96;3,12;1,58;0,61;0,98;0,38;0,62;0,22;-5,72;-2,10;19.015.444,12;12,51;0,20;-0,34;1.129.703.047,68
HBRE3;16,15;;-80,14;1,22;0,64;84,53;113,07;-26,89;19,06;27,86;8,80;0,56;21,55;-16,77;-0,68;0,61;-1,53;-0,80;1,91;0,52;0,48;0,03;;;2.741.458,65;13,21;-0,20;0,72;1.666.502.043,15
HBSA3;6,85;;-49,35;3,41;0,91;25,48;13,86;-7,22;25,70;40,16;14,46;1,92;3,56;5,31;-1,22;3,20;-6,92;-1,85;2,65;0,27;0,73;0,26;49,43;;19.043.940,65;2,01;-0,14;0,18;5.208.621.104,55
HBTS5;35,50;;221,48;1,10;0,24;68,77;46,38;1,45;6,93;9,55;2,63;0,42;3,21;-1,91;-0,29;0,54;0,50;0,11;7,80;0,22;0,78;0,08;7,42;-25,49;67.387,33;32,20;0,16;-2,18;324.245.888,50
HETA3;4,01;;-0,01;0,00;0,17;100,00;-10.956,88;-10.958,54;-0,01;-1,91;-1,89;;1,30;-0,04;-0,20;0,02;-31,00;-1.459,90;74,65;-47,10;48,10;0,13;-2,24;;;-1.088,28;-337,35;0,00;4.342.166,77
HETA4;10,79;;-0,03;-0,01;0,47;100,00;-10.956,88;-10.958,54;-0,03;-1,91;-1,89;;3,51;-0,10;-0,53;0,02;-31,00;-1.459,90;74,65;-47,10;48,10;0,13;-2,24;;102.120,08;-1.088,28;-337,35;0,00;4.342.166,77
HGTX3;28,70;1,91;13,60;2,88;1,99;39,09;7,56;31,95;57,47;55,29;-2,17;-0,11;4,35;5,87;-5,12;2,25;21,14;14,65;0,15;0,69;0,31;0,46;-7,54;4,05;162.697.429,38;9,98;2,11;0,23;4.664.723.991,90
HOOT3;0,00;;0,00;0,00;0,00;48,06;-190,02;-251,06;0,00;-0,31;0,01;;0,00;0,00;0,00;0,03;-19,11;-19,65;14,89;-1,03;2,03;0,08;-24,22;;;-25,85;-4,94;0,00;22.104.583,20
HOOT4;2,80;;-0,57;-0,11;0,11;48,06;-190,02;-251,06;-0,75;-0,31;0,01;;1,42;-0,09;-0,12;0,03;-19,11;-19,65;14,89;-1,03;2,03;0,08;-24,22;;59.612,42;-25,85;-4,94;0,02;22.104.583,20
HYPE3;33,97;3,50;15,80;2,30;1,20;63,87;32,20;30,65;15,03;18,49;3,46;0,53;4,84;7,48;-1,68;2,26;14,57;7,58;8,45;0,52;0,48;0,25;6,70;18,26;100.388.898,42;14,76;2,15;0,61;21.517.305.357,31
IDVL3;2,16;;-0,99;0,93;0,06;-18,91;-40,19;-154,60;-3,81;-3,84;;;1,53;0,48;-0,13;1,26;-94,38;-5,67;;0,06;0,94;0,04;-32,17;;289.164,47;2,31;-2,18;0,00;224.007.574,38
IDVL4;2,67;;-1,22;1,16;0,07;-18,91;-40,19;-154,60;-4,71;-3,84;;;1,89;0,59;-0,16;1,26;-94,38;-5,67;;0,06;0,94;0,04;-32,17;;89.696,16;2,31;-2,18;0,00;224.007.574,38
IFCM3;15,22;;;;;;;;;;;;;;;;;;;;;;;;13.713.510,20;;0,00;;3.617.196.249,72
IGBR3;12,80;;-1,76;-0,17;0,84;80,85;-655,78;-1.542,07;-4,13;-27,45;-23,32;;27,07;-2,13;-0,90;0,15;-9,87;-47,71;198,41;-4,83;5,83;0,03;-8,75;;965.843,54;-73,87;-7,29;-0,07;160.063.564,80
IGSN3;0,00;;0,00;0,00;0,00;44,34;22,03;-0,81;0,00;7,29;7,29;1,50;0,00;0,00;0,00;2,39;-0,76;-0,21;5,64;0,28;0,72;0,26;10,03;;;3,01;-0,02;0,00;0,00
IGTA3;43,09;1,14;32,98;2,39;1,11;58,07;52,11;33,57;21,25;26,44;5,19;0,58;11,07;7,43;-1,50;2,39;7,25;3,38;4,58;0,47;0,53;0,10;1,21;0,88;102.055.357,23;18,01;1,31;-2,40;7.610.192.896,02
INEP3;50,35;;-0,98;-0,19;0,30;19,54;-4.232,60;-5.843,94;-1,35;-3,73;-2,38;;57,08;-0,20;-0,36;0,10;-19,63;-30,72;21,52;-1,57;2,57;0,01;-53,72;;1.475.593,65;-262,67;-51,55;1,43;416.334.877,38
INEP4;50,41;;-0,98;-0,19;0,30;19,54;-4.232,60;-5.843,94;-1,35;-3,73;-2,38;;57,14;-0,20;-0,36;0,10;-19,63;-30,72;21,52;-1,57;2,57;0,01;-53,72;;2.013.400,42;-262,67;-51,55;1,43;416.334.877,38
INNT3;0,00;;0,00;0,00;0,00;14,02;-11,37;-17,88;0,00;-5,51;-5,51;2,93;0,00;0,00;0,00;1,25;-83,52;-4,88;-9,96;0,06;0,94;0,27;37,50;;;0,55;-0,46;0,00;0,00
INTB3;24,85;;18,42;8,34;3,33;31,57;17,62;18,53;19,37;18,77;-0,60;-0,26;3,41;8,46;-20,41;1,89;45,28;18,10;27,38;0,40;0,60;0,98;;;27.254.061,08;2,98;1,35;0,07;8.141.136.083,50
IRBR3;6,12;2,16;-5,10;1,82;0,34;-18,47;-21,42;-17,94;-4,27;-4,27;;;0,92;-5,53;-1,06;0,92;-35,74;-6,70;;0,19;0,81;0,37;17,75;;158.763.928,38;3,36;-1,20;0,02;7.759.488.831,84
ITEC3;40,10;;-35,12;22,04;9,22;-121,18;-18.852,94;-7.435,88;-13,85;-13,21;0,64;-1,02;2.611,73;25,42;-16,70;5,23;-62,76;-26,24;-174,07;0,42;0,58;0,00;-75,29;;;1,82;-1,14;1,36;443.994.658,60
ITSA3;11,14;2,50;13,28;1,60;1,28;31,50;131,36;120,00;12,13;11,85;0,21;0,03;15,93;22,82;-1,42;2,28;12,02;9,63;11,16;0,80;0,16;0,08;3,78;-3,97;2.306.951,27;6,98;0,84;-0,42;89.887.004.079,80
ITSA4;10,45;2,66;12,46;1,50;1,20;31,50;131,36;120,00;11,38;11,85;0,21;0,03;14,95;21,41;-1,33;2,28;12,02;9,63;11,16;0,80;0,16;0,08;3,78;-3,97;288.163.029,19;6,98;0,84;-0,39;89.887.004.079,80
ITUB3;24,93;2,41;11,57;1,66;0,12;65,94;13,28;12,16;10,60;11,26;;;1,41;;-0,12;;14,34;1,04;;0,07;0,92;0,09;6,04;-10,45;14.089.559,12;15,02;2,15;-1,02;259.487.672.141,43
ITUB4;28,04;2,14;13,02;1,87;0,14;65,94;13,28;12,16;11,92;11,26;;;1,58;;-0,14;;14,34;1,04;;0,07;0,92;0,09;6,04;-10,45;841.947.486,12;15,02;2,15;-1,15;259.487.672.141,43
JALL3;8,98;;26,33;4,76;0,94;50,14;40,67;10,39;6,73;9,98;3,25;2,30;2,74;4,29;-1,77;1,88;18,08;3,57;14,56;0,20;0,80;0,34;;;6.471.108,46;1,89;0,34;;2.646.379.877,18
JBDU3;3,75;;-2,90;0,31;0,10;;;;-2,98;-3,73;-0,93;0,10;;-0,56;-0,10;0,00;-10,59;-3,40;-9,42;0,32;0,68;0,00;;;478.668,15;12,19;-1,29;-0,06;17.684.181,45
JBDU4;3,41;;-2,64;0,28;0,09;;;;-2,71;-3,73;-0,93;0,10;;-0,51;-0,09;0,00;-10,59;-3,40;-9,42;0,32;0,68;0,00;;;848.065,23;12,19;-1,29;-0,05;17.684.181,45
JBSS3;31,54;3,22;17,22;1,82;0,48;16,73;7,59;1,70;3,86;6,12;2,25;1,06;0,29;4,02;-0,77;1,48;10,56;2,81;15,44;0,27;0,73;1,65;10,65;-1,92;428.181.316,69;17,34;1,83;-0,71;79.201.222.185,80
JFEN3;6,91;;-4,31;-1,59;0,57;-22,06;-508,80;-581,90;-4,93;-8,83;-3,90;;25,08;-8,43;-3,65;0,93;-36,93;-13,17;-126,02;-0,36;1,36;0,02;-44,72;;55.586,00;-4,34;-1,60;0,06;726.958.361,65
JHSF3;7,07;5,04;5,96;1,24;0,64;72,96;69,99;58,88;5,01;5,49;0,48;0,12;3,51;4,18;-0,87;2,35;20,79;10,73;15,17;0,52;0,47;0,18;13,16;42,24;42.787.413,27;5,71;1,19;0,04;4.871.402.175,71
JOPA3;29,50;0,97;9,81;0,45;0,15;27,37;7,51;2,03;2,66;6,75;4,04;0,68;0,20;0,54;-0,46;1,76;4,56;1,57;3,94;0,34;0,66;0,77;8,16;5,14;15.267,44;65,93;3,01;0,05;318.016.329,74
JOPA4;73,93;0,43;24,58;1,12;0,39;27,37;7,51;2,03;6,66;6,75;4,04;0,68;0,50;1,34;-1,14;1,76;4,56;1,57;3,94;0,34;0,66;0,77;8,16;5,14;23.537,50;65,93;3,01;0,12;318.016.329,74
JPSA3;29,37;0,47;33,74;0,81;0,37;59,31;49,40;11,31;7,72;13,59;5,87;0,62;3,81;2,43;-0,50;2,33;2,41;1,09;3,93;0,45;0,55;0,10;1,23;;8.181.710,46;36,11;0,87;-0,83;2.581.305.040,38
JSLG3;11,20;0,50;12,26;2,67;0,65;-6,28;17,87;19,12;13,12;20,91;7,79;1,59;2,34;3,13;-1,08;2,12;21,80;5,33;5,92;0,24;0,76;0,28;-13,95;22,94;4.526.353,46;4,19;0,91;0,16;3.135.900.073,60
KEPL3;53,37;2,38;18,45;2,62;1,48;23,59;12,34;9,76;14,60;12,34;-2,26;-0,41;1,80;8,19;-3,53;1,45;14,23;8,00;12,79;0,56;0,44;0,82;-1,00;61,09;12.012.783,58;20,33;2,89;0,23;1.404.269.892,27
KLBN11;28,02;;-12,65;7,18;0,89;39,52;26,90;-20,82;9,79;15,95;6,15;4,51;2,63;4,39;-1,29;2,98;-56,74;-7,05;5,83;0,12;0,88;0,34;16,01;;183.373.941,08;3,90;-2,21;0,03;31.482.671.004,62
KLBN3;5,83;;-13,16;7,47;0,93;39,52;26,90;-20,82;10,19;15,95;6,15;4,51;2,74;4,57;-1,34;2,98;-56,74;-7,05;5,83;0,12;0,88;0,34;16,01;;1.790.897,31;0,78;-0,44;0,03;31.482.671.004,62
KLBN4;5,52;;-12,46;7,07;0,88;39,52;26,90;-20,82;9,65;15,95;6,15;4,51;2,60;4,32;-1,27;2,98;-56,74;-7,05;5,83;0,12;0,88;0,34;16,01;;8.591.641,96;0,78;-0,44;0,03;31.482.671.004,62
LAME3;18,50;1,16;124,47;2,81;0,79;32,91;5,44;1,25;28,52;31,27;1,56;0,15;1,55;2,12;-2,14;2,45;2,26;0,64;3,30;0,28;0,64;0,51;3,50;37,33;84.094.578,96;6,57;0,15;-2,06;36.337.129.222,64
LAME4;19,69;1,09;132,47;3,00;0,84;32,91;5,44;1,25;30,35;31,27;1,56;0,15;1,65;2,26;-2,28;2,45;2,26;0,64;3,30;0,28;0,64;0,51;3,50;37,33;283.317.866,62;6,57;0,15;-2,19;36.337.129.222,64
LAVV3;8,46;1,22;19,41;1,40;1,07;41,67;33,06;26,01;15,28;8,02;-7,26;-0,66;5,05;1,64;-6,15;4,77;7,19;5,52;8,20;0,77;0,23;0,21;;;13.372.792,88;6,06;0,44;0,17;1.815.758.395,92
LCAM3;26,27;1,38;25,43;3,04;1.009,51;27,87;17,05;8,77;13,08;17,35;4,27;0,99;2,23;19,25;-1,33;1,28;11,94;3.970,06;7,73;332,52;667,48;452,73;51,17;83,45;59.351.413,15;8,65;1,03;0,48;13.364.321.626,97
LEVE3;23,87;3,89;24,59;2,28;1,10;26,09;8,06;5,18;15,82;15,61;-0,21;-0,03;1,27;5,45;-2,52;1,55;9,28;4,45;9,37;0,48;0,52;0,86;-0,25;-6,62;15.233.756,31;10,46;0,97;-0,47;3.062.723.895,00
LHER3;0,00;;0,00;0,00;0,00;63,41;22,35;10,99;0,00;-3,77;-3,77;-0,15;0,00;0,00;0,00;6,36;1,95;0,67;3,94;0,34;0,66;0,06;4,31;-51,59;;141,54;2,76;0,00;0,00
LHER4;0,00;;0,00;0,00;0,00;63,41;22,35;10,99;0,00;-3,77;-3,77;-0,15;0,00;0,00;0,00;6,36;1,95;0,67;3,94;0,34;0,66;0,06;4,31;-51,59;;141,54;2,76;0,00;0,00
LIGT3;16,54;2,67;8,91;0,87;0,23;24,44;13,62;5,29;3,46;7,16;3,70;0,93;0,47;8,14;-0,33;1,10;9,78;2,62;8,51;0,27;0,73;0,50;3,68;78,83;37.787.597,46;18,99;1,86;-0,19;6.162.065.058,96
LINX3;37,40;;-88,47;4,37;2,64;67,68;-5,33;-9,14;-151,69;-146,81;4,89;-0,14;8,08;11,69;-4,77;2,03;-4,94;-2,99;-2,49;0,60;0,40;0,33;14,30;;15.696.012,54;8,55;-0,42;0,29;7.083.895.104,00
LIPR3;73,00;2,34;18,98;4,22;3,46;;;;20,18;18,01;-2,18;-0,45;;12,41;-5,93;3,01;22,22;18,22;20,89;0,82;0,18;0,00;;53,51;93.483,27;17,31;3,85;-0,01;858.836.897,00
LJQQ3;19,65;0,44;45,43;7,46;1,78;41,24;10,09;4,65;20,94;21,13;0,19;0,07;2,11;6,33;-5,72;1,69;16,42;3,92;16,72;0,24;0,76;0,84;;;26.368.932,81;2,63;0,43;0,25;3.680.253.785,85
LLIS3;4,35;;-0,15;1,08;0,14;49,28;-209,69;-334,84;-0,24;-1,49;-1,25;5,67;0,50;1,26;-0,18;1,81;-724,31;-93,03;-98,21;0,13;0,87;0,28;-12,82;;2.439.756,54;4,02;-29,12;0,00;299.501.106,15
LOGG3;30,42;1,77;13,38;0,98;0,68;98,82;254,89;161,03;8,45;9,87;1,42;0,16;21,54;5,88;-0,84;2,50;7,33;5,05;5,97;0,69;0,30;0,03;8,78;52,67;12.132.394,58;31,03;2,27;0,09;3.107.681.464,68
LOGN3;20,34;;165,67;6,06;0,97;20,68;17,12;1,15;11,13;14,66;3,53;1,92;1,91;3,34;-1,87;2,54;3,66;0,59;9,07;0,16;0,84;0,51;4,71;;18.513.734,46;3,36;0,12;10,12;2.145.650.144,94
LPSB3;4,56;;-131,29;3,88;1,69;85,42;21,33;-3,07;18,91;15,01;-3,90;-0,80;4,03;5,83;-3,04;2,89;-2,96;-1,29;10,84;0,44;0,56;0,42;-3,97;;4.294.931,27;1,18;-0,03;-6,67;672.849.117,36
LREN3;43,89;0,78;35,96;7,17;2,69;57,23;11,37;14,54;46,01;46,84;0,83;0,13;5,23;12,08;-6,86;1,58;19,93;7,49;8,47;0,38;0,62;0,51;4,17;13,62;463.214.422,88;6,13;1,22;-139,95;39.420.690.516,90
LTEL3B;86,61;1,14;50,53;6,94;6,37;;;;49,31;49,51;0,20;0,03;;214,30;-6,79;1,93;13,74;12,61;13,34;0,92;0,08;0,00;;;;12,48;1,71;2,25;18.664.056.853,83
LUPA3;10,98;;15,20;2,23;0,63;22,81;10,91;37,70;52,49;70,18;17,69;0,75;5,73;2,61;-1,06;2,55;14,68;4,18;0,89;0,28;0,72;0,11;-27,27;;31.564.385,00;4,92;0,72;-0,09;312.685.156,98
LUXM3;0,00;;0,00;0,00;0,00;24,63;12,85;8,05;0,00;14,82;0,26;0,04;0,00;0,00;0,00;1,86;8,93;5,49;7,94;0,61;0,39;0,68;7,04;-0,09;;18,14;1,62;0,00;195.586.020,00
LUXM4;67,49;9,30;41,65;3,72;2,29;24,63;12,85;8,05;26,10;14,82;0,26;0,04;3,35;19,87;-3,04;1,86;8,93;5,49;7,94;0,61;0,39;0,68;7,04;-0,09;54.727,64;18,14;1,62;-1,19;195.586.020,00
LWSA3;23,50;0,14;696,98;20,41;9,47;42,06;9,05;4,04;311,37;305,23;-6,14;-0,40;28,18;38,55;-21,34;1,79;2,93;1,36;4,13;0,46;0,54;0,34;;;239.855.567,92;1,15;0,03;75,46;13.758.351.642,00
MAPT3;37,00;;-199,99;-5,92;43,98;;;;-201,18;-224,43;0,00;;;-6.799,82;-43,98;0,00;-2,96;-21,99;2,94;-7,43;8,43;0,00;;;14.800,00;-6,25;-0,19;-46,57;37.928.277,40
MAPT4;45,46;;-245,72;-7,27;54,04;;;;-247,18;-224,43;0,00;;;-8.354,59;-54,04;0,00;-2,96;-21,99;2,94;-7,43;8,43;0,00;;;62.881,00;-6,25;-0,19;-57,22;37.928.277,40
MATD3;15,65;;;;;;;;;;;;;;;;;;;;;;;;30.451.184,75;;0,00;;5.551.417.970,45
MBLY3;19,99;;-52,88;-113,81;6,86;40,05;-3,59;-6,67;-98,24;-102,58;-4,34;;3,53;-48,29;-20,87;0,83;-215,23;-12,98;-21,92;-0,06;1,06;1,94;;;3.466.625,85;-0,18;-0,38;-9,97;2.128.733.180,96
MDIA3;26,50;1,91;14,00;1,35;0,86;30,34;7,44;9,03;16,99;17,81;0,83;0,07;1,26;2,95;-1,51;3,13;9,61;6,16;5,76;0,64;0,36;0,68;9,43;4,81;46.696.507,50;19,70;1,89;18,17;8.983.500.000,00
MDNE3;9,10;;-7,72;0,77;0,37;27,07;-14,09;-19,50;-10,69;-11,62;-0,94;0,07;1,51;1,66;-0,65;2,12;-10,01;-4,82;-7,37;0,48;0,52;0,25;-8,09;;3.552.152,85;11,78;-1,18;-1,96;772.675.312,50
MEAL3;3,66;;-2,21;0,89;0,38;23,53;-48,27;-41,05;-1,88;-2,13;-0,24;0,12;0,91;3,23;-0,52;1,81;-40,09;-17,20;-37,26;0,43;0,57;0,42;-6,51;;18.001.751,42;4,13;-1,65;0,00;1.048.112.479,80
MELK3;6,14;0,10;30,04;1,07;0,71;22,37;9,40;7,31;23,35;11,97;-11,38;-0,52;2,20;1,18;-6,28;3,15;3,55;2,37;3,28;0,67;0,33;0,32;;;4.415.305,73;5,76;0,20;-4,64;1.276.931.753,74
MERC3;27,66;;56,90;2,01;1,65;79,12;22,22;15,28;39,12;28,75;;;8,69;5,39;-2,71;4,63;3,54;2,90;;0,82;0,18;0,19;-30,32;;88.950,33;13,75;0,49;-1,11;366.135.465,90
MERC4;10,80;;22,22;0,79;0,64;79,12;22,22;15,28;15,27;28,75;;;3,39;2,10;-1,06;4,63;3,54;2,90;;0,82;0,18;0,19;-30,32;;12.190,89;13,75;0,49;-0,43;366.135.465,90
MGEL3;85,35;;-15,93;-1,23;1,24;14,76;14,38;-5,67;6,28;11,39;8,47;;0,90;3,09;-3,07;3,06;-7,73;-7,78;23,17;-1,01;2,01;1,37;5,03;;;-69,31;-5,36;-0,01;229.317.428,92
MGEL4;14,23;;-2,66;-0,21;0,21;14,76;14,38;-5,67;1,05;11,39;8,47;;0,15;0,51;-0,51;3,06;-7,73;-7,78;23,17;-1,01;2,01;1,37;5,03;;182.806,77;-69,31;-5,36;0,00;229.317.428,92
MGLU3;19,20;0,26;318,55;17,03;5,06;25,77;2,83;1,34;151,33;149,85;-1,48;-0,17;4,28;36,89;-15,90;1,25;5,35;1,59;8,90;0,30;0,70;1,18;26,58;;535.765.358,77;1,13;0,06;-5,54;124.779.395.481,60
MILS3;8,92;;-473,45;2,05;1,52;39,39;2,67;-0,94;166,06;157,57;-8,49;-0,10;4,44;5,51;-2,43;3,84;-0,43;-0,32;0,45;0,74;0,26;0,34;-2,55;;17.531.982,19;4,36;-0,02;5,29;2.247.449.571,60
MMXM3;17,78;;-1,43;-0,14;0,90;-2,34;-556,64;-31.589,06;-80,95;-254,03;-173,08;;450,62;-0,14;-0,95;0,01;-9,93;-63,22;0,43;-6,37;7,37;0,00;-6,95;;7.756.212,73;-125,54;-12,46;0,04;115.359.893,74
MNDL3;27,50;;-7,61;-0,45;0,06;33,68;9,39;-1,74;1,41;5,32;3,91;;0,13;-0,11;-0,09;0,34;-5,87;-0,81;91,13;-0,14;1,14;0,46;4,94;;45.691,85;-61,60;-3,61;0,56;68.207.150,00
MNPR3;13,55;;5,81;-0,26;0,39;28,27;14,58;6,37;2,54;2,55;0,01;;0,37;-0,24;-0,69;0,21;-4,41;6,78;-8,24;-1,54;2,54;1,06;4,62;;1.049.620,00;-52,92;2,33;-0,04;96.206.355,00
MOAR3;280,00;2,90;-367,08;3,53;2,08;-1,66;-27,33;-8,59;-115,36;-107,36;8,00;-0,24;31,53;6,22;-3,69;4,27;-0,96;-0,57;-7,67;0,59;0,41;0,07;94,65;;87.052,00;79,41;-0,76;3,36;3.430.341.880,00
MODL11;17,80;;;;;;;;;;;;;;;;;;;;;;;;52.560.657,14;;0,00;;4.178.253.333,33
MODL3;17,22;;;;;;;;;;;;;;;;;;;;;;;;1.747.998,00;;0,00;;4.178.253.333,33
MODL4;11,20;;;;;;;;;;;;;;;;;;;;;;;;1.495.518,50;;0,00;;4.178.253.333,33
MOSI3;21,82;;45,73;25,13;12,35;92,13;27,01;26,11;44,22;44,35;0,13;0,08;11,94;57,95;-27,50;1,63;54,96;27,00;38,28;0,49;0,51;1,03;;;27.562.244,50;0,87;0,48;;2.762.319.919,60
MOVI3;16,43;0,90;14,75;2,09;0,38;26,09;17,39;8,58;7,28;16,29;9,01;2,59;1,27;2,51;-0,53;2,08;14,17;2,55;4,64;0,18;0,82;0,30;27,48;10,21;35.644.351,31;7,86;1,11;0,04;4.911.272.260,02
MRFG3;20,22;1,01;4,36;4,09;0,36;17,37;11,64;4,89;1,83;3,84;2,00;4,48;0,21;3,16;-0,68;1,33;93,96;8,36;23,40;0,09;0,91;1,71;28,12;;137.135.430,73;4,94;4,64;0,00;14.383.899.640,86
MRSA3B;41,52;1,50;32,81;3,27;1,27;30,16;26,71;11,94;14,66;12,60;1,85;0,41;3,92;-52,99;-1,52;0,88;9,98;3,87;10,23;0,39;0,61;0,32;2,59;7,78;13.853,00;12,68;1,27;-2,26;10.349.383.945,08
MRSA5B;16,68;4,12;13,18;1,32;0,51;30,16;26,71;11,94;5,89;12,60;1,85;0,41;1,57;-21,29;-0,61;0,88;9,98;3,87;10,23;0,39;0,61;0,32;2,59;7,78;9.900,00;12,68;1,27;-0,91;10.349.383.945,08
MRSA6B;29,62;2,32;23,41;2,34;0,90;30,16;26,71;11,94;10,46;12,60;1,85;0,41;2,79;-37,80;-1,09;0,88;9,98;3,87;10,23;0,39;0,61;0,32;2,59;7,78;5.801,00;12,68;1,27;-1,61;10.349.383.945,08
MRVE3;17,24;4,74;15,13;1,38;0,46;28,20;10,74;8,28;11,66;16,67;5,00;0,59;1,25;1,68;-0,88;2,37;9,12;3,05;5,37;0,33;0,67;0,37;6,89;0,85;70.508.525,65;12,50;1,14;-0,75;8.324.765.568,92
MSPA3;48,00;;-5,61;0,37;0,22;22,36;-65,25;-54,53;-4,69;-5,62;-0,86;0,07;3,06;9,04;-0,23;1,76;-6,63;-3,94;-8,90;0,59;0,41;0,07;-2,17;;13.800,00;129,21;-8,56;-0,11;312.225.541,76
MSPA4;54,19;;-6,33;0,42;0,25;22,36;-65,25;-54,53;-5,29;-5,62;-0,86;0,07;3,45;10,21;-0,26;1,76;-6,63;-3,94;-8,90;0,59;0,41;0,07;-2,17;;16.486,00;129,21;-8,56;-0,13;312.225.541,76
MSRO3;702,50;;17.076,54;360,19;75,79;30,06;15,05;0,90;1.022,20;1.029,27;7,07;2,49;153,79;-1.875,39;-105,58;0,87;2,11;0,44;7,88;0,21;0,79;0,49;14,18;;;1,95;0,04;1.023,48;18.271.898.550,00
MTIG3;0,00;;0,00;0,00;0,00;10,69;-6,12;-13,32;0,00;-11,90;-10,56;3,37;0,00;0,00;0,00;0,67;-69,40;-11,19;-21,36;0,16;0,84;0,84;0,14;;;93,61;-64,96;0,00;9.655.368,96
MTIG4;60,01;;-0,92;0,64;0,10;10,69;-6,12;-13,32;-2,01;-11,90;-10,56;3,37;0,12;-0,62;-0,16;0,67;-69,40;-11,19;-21,36;0,16;0,84;0,84;0,14;;45.825,44;93,61;-64,96;0,00;9.655.368,96
MTRE3;11,75;3,80;29,05;1,25;0,93;34,19;8,85;9,54;31,32;14,68;-16,64;-0,66;2,77;1,50;-4,93;4,29;4,30;3,22;3,00;0,75;0,25;0,34;;;6.549.288,77;9,41;0,40;0,26;1.242.854.135,00
MTSA3;34,41;4,91;4,68;1,09;0,76;30,38;18,82;16,54;4,11;3,64;-0,74;-0,20;0,77;1,51;-3,40;2,83;23,32;16,23;13,16;0,70;0,30;0,98;10,62;28,09;;31,53;7,35;0,01;334.998.603,77
MTSA4;38,59;4,82;5,25;1,22;0,85;30,38;18,82;16,54;4,61;3,64;-0,74;-0,20;0,87;1,70;-3,81;2,83;23,32;16,23;13,16;0,70;0,30;0,98;10,62;28,09;205.458,04;31,53;7,35;0,01;334.998.603,77
MULT3;25,04;1,82;18,06;2,40;1,43;73,82;92,51;81,47;15,91;17,96;2,05;0,31;14,72;24,64;-1,72;1,51;13,27;7,91;9,57;0,60;0,40;0,10;0,31;21,64;126.784.896,69;10,45;1,39;0,36;15.043.052.310,00
MWET3;50,00;;4,14;-0,56;0,56;11,17;31,90;17,01;2,21;2,08;0,97;;0,70;-1,34;-0,74;0,37;-13,44;13,53;-27,44;-1,01;2,01;0,80;-0,73;;55.634,20;-89,91;12,09;-0,03;52.122.355,98
MWET4;12,99;;1,07;-0,14;0,15;11,17;31,90;17,01;0,57;2,08;0,97;;0,18;-0,35;-0,19;0,37;-13,44;13,53;-27,44;-1,01;2,01;0,80;-0,73;;414.490,23;-89,91;12,09;-0,01;52.122.355,98
MYPK3;14,09;;-4,40;0,57;0,17;6,45;-2,11;-5,61;-11,73;-30,75;-19,03;0,92;0,25;2,68;-0,30;1,19;-12,93;-3,96;-2,09;0,31;0,69;0,71;5,05;;22.334.472,12;24,74;-3,20;0,02;2.165.909.178,09
NAFG3;64,37;;11,80;2,76;1,15;41,15;16,49;9,34;6,68;5,06;1,17;0,48;1,10;3,20;-2,87;2,52;23,42;9,77;15,89;0,42;0,58;1,05;7,87;33,76;;23,30;5,46;-1,14;508.315.292,42
NAFG4;19,02;;3,49;0,82;0,34;41,15;16,49;9,34;1,97;5,06;1,17;0,48;0,33;0,94;-0,85;2,52;23,42;9,77;15,89;0,42;0,58;1,05;7,87;33,76;;23,30;5,46;-0,34;508.315.292,42
NEMO3;0,00;;0,00;0,00;0,00;37,74;27,71;-9,65;0,00;7,56;7,56;8,63;0,00;0,00;0,00;2,20;-39,77;-2,89;1,90;0,07;0,93;0,30;24,40;;;42,74;-16,99;0,00;0,00
NEMO5;52,97;0,06;-3,12;1,24;0,09;37,74;27,71;-9,65;1,09;7,56;7,56;8,63;0,30;0,93;-0,11;2,20;-39,77;-2,89;1,90;0,07;0,93;0,30;24,40;;;42,74;-16,99;-0,01;0,00
NEMO6;0,00;;0,00;0,00;0,00;37,74;27,71;-9,65;0,00;7,56;7,56;8,63;0,00;0,00;0,00;2,20;-39,77;-2,89;1,90;0,07;0,93;0,30;24,40;;;42,74;-16,99;0,00;0,00
NEOE3;16,75;3,67;6,28;0,93;0,28;23,97;16,39;9,51;3,64;8,43;4,79;1,22;0,60;5,52;-0,35;1,33;14,80;4,48;8,38;0,30;0,69;0,47;16,97;50,84;36.583.988,77;18,03;2,67;0,16;20.331.103.904,00
NGRD3;7,12;0,17;107,68;3,68;2,47;65,05;16,52;7,16;46,69;40,14;-6,55;-0,52;7,71;5,20;-6,24;4,63;3,41;2,29;4,19;0,67;0,33;0,32;;;24.183.811,69;1,94;0,07;1,81;1.699.275.789,60
NORD3;21,75;;-212,73;-1,03;8,36;90,77;121,22;-41,64;73,07;91,97;18,90;;88,57;-3,08;-8,96;0,02;-0,48;-3,93;-1,92;-8,13;9,13;0,09;;;157.810,17;-21,14;-0,10;-2,02;144.017.320,50
NRTQ3;0,00;;0,00;0,00;0,00;30,20;18,39;11,87;0,00;-0,69;-0,69;-0,16;0,00;0,00;0,00;3,80;14,95;10,84;15,75;0,72;0,28;0,91;9,55;6,53;;13,19;1,97;0,00;0,00
NTCO3;49,06;;-103,81;2,46;1,11;64,17;2,14;-1,76;85,48;92,42;6,94;0,20;1,83;26,21;-1,60;1,16;-2,37;-1,07;1,25;0,45;0,55;0,61;36,13;;306.047.796,65;19,91;-0,47;0,20;67.497.695.054,24
NUTR3;279,71;;10,43;2,20;0,53;19,50;7,18;4,56;6,63;7,92;1,28;0,43;0,48;1,57;-1,21;2,56;21,10;5,13;18,16;0,24;0,76;1,12;16,61;;391.776,20;127,11;26,82;-0,12;35.787.216,24
ODER4;188,07;0,14;17,87;7,47;3,62;34,98;25,92;20,60;14,20;14,76;0,56;0,30;3,68;9,30;-14,59;2,08;41,79;20,28;25,66;0,49;0,51;0,98;8,36;;37.500,00;25,19;10,52;0,04;2.122.766.025,42
ODPV3;13,05;4,46;17,57;5,35;3,41;61,88;32,09;22,40;12,26;10,76;-1,50;-0,65;3,94;12,59;-7,48;1,99;30,46;19,42;29,87;0,64;0,36;0,87;7,15;10,22;15.724.579,46;2,44;0,74;0,35;6.933.397.035,60
OFSA3;33,45;1,83;17,80;3,16;1,63;51,58;15,28;12,88;15,01;16,27;1,26;0,27;2,29;4,14;-4,17;2,80;17,75;9,13;11,73;0,51;0,49;0,71;6,45;5,33;1.390.452,62;10,59;1,88;0,17;1.804.594.250,70
OGXP3;1,63;;-2,15;-0,98;0,92;;;;-9,26;-9,26;0,00;;;-0,98;;0,51;-45,53;-43,02;10,57;-0,94;1,94;0,00;;;;-1,67;-0,76;0,02;52.747.073,84
OIBR3;1,75;;-0,99;1,34;0,14;21,68;-19,51;-113,42;-5,75;-17,98;-12,17;2,84;1,12;0,66;-0,26;1,88;-135,52;-14,26;-15,72;0,11;0,89;0,13;-19,43;;159.884.905,58;1,30;-1,77;-0,06;10.519.226.913,58
OIBR4;2,38;;-1,35;1,82;0,19;21,68;-19,51;-113,42;-7,82;-17,98;-12,17;2,84;1,53;0,90;-0,35;1,88;-135,52;-14,26;-15,72;0,11;0,89;0,13;-19,43;;6.952.534,96;1,30;-1,77;-0,08;10.519.226.913,58
OMGE3;37,65;;672,02;2,03;0,67;39,64;43,24;0,86;13,34;22,66;9,32;1,42;5,77;5,77;-0,80;3,14;0,30;0,10;4,84;0,33;0,66;0,12;50,40;62,86;30.694.424,65;18,58;0,06;-0,35;7.380.760.332,15
OPCT3;8,12;;-71,18;10,27;1,45;19,48;11,06;-3,55;22,85;31,82;8,98;4,03;2,53;21,85;-2,05;1,29;-14,43;-2,03;6,40;0,14;0,86;0,57;;;11.766.505,15;0,79;-0,11;0,21;1.623.671.578,48
ORVR3;22,48;;453,09;19,42;2,39;37,45;26,35;0,90;15,55;18,65;3,09;3,86;4,10;-36,82;-3,12;0,78;4,29;0,53;19,46;0,12;0,88;0,58;;;5.644.755,77;1,16;0,05;20,61;1.606.195.325,60
OSXB3;13,50;;-0,05;-0,01;0,03;100,00;-5.794,61;-8.675,46;-0,07;-7,81;-7,74;;4,24;-0,08;-0,03;0,02;-15,94;-58,50;63,72;-3,67;4,67;0,01;-44,40;;627.368,65;-1.733,99;-276,44;0,00;42.498.513,00
PARD3;18,56;1,44;19,21;3,31;1,23;27,11;13,40;8,47;12,14;12,90;0,76;0,21;1,63;8,05;-2,13;1,57;17,23;6,43;14,10;0,37;0,63;0,76;14,12;8,50;6.836.873,12;5,61;0,97;-0,96;2.430.962.723,20
PATI3;68,00;0,26;6,81;2,05;0,91;17,50;16,43;12,71;5,26;5,13;-0,14;-0,05;0,87;1,81;-4,84;2,60;30,18;13,32;14,13;0,44;0,56;1,05;17,73;75,16;40.589,35;33,09;9,99;0,01;1.243.127.055,00
PATI4;69,00;4,06;6,91;2,08;0,92;17,50;16,43;12,71;5,34;5,13;-0,14;-0,05;0,88;1,84;-4,91;2,60;30,18;13,32;14,13;0,44;0,56;1,05;17,73;75,16;39.948,11;33,09;9,99;0,01;1.243.127.055,00
PCAR3;37,74;5,77;4,19;0,72;0,20;29,16;6,00;5,50;3,84;5,68;1,83;0,35;0,23;-4,89;-0,28;0,87;17,29;4,84;7,96;0,28;0,66;0,88;6,62;;252.280.462,69;52,09;9,01;0,01;10.148.122.699,02
PCAR4;72,11;;8,01;1,38;0,39;29,16;6,00;5,50;7,34;5,68;1,83;0,35;0,44;-9,34;-0,53;0,87;17,29;4,84;7,96;0,28;0,66;0,88;6,62;;;52,09;9,01;0,02;10.148.122.699,02
PDGR3;6,37;;-0,11;-0,01;0,03;34,30;-132,93;-218,36;-0,19;-4,32;-4,13;;0,25;-0,02;-0,14;0,38;-8,44;-26,27;9,12;-3,11;4,11;0,12;-35,22;;862.241,69;-667,48;-56,36;0,00;51.386.503,35
PDTC3;8,18;;37,29;6,23;1,70;36,43;10,49;10,17;36,14;37,33;1,19;0,21;3,79;4,93;-7,41;1,82;16,71;4,57;9,30;0,27;0,73;0,45;173,12;;3.732.072,77;1,31;0,22;0,17;641.719.192,22
PEAB3;66,01;44,91;1,83;1,50;0,96;30,66;392,40;256,85;1,20;0,88;-0,30;-0,38;4,69;2,92;-2,59;2,08;82,34;52,47;81,43;0,64;0,36;0,20;-8,83;78,06;102.475,56;43,91;36,15;0,00;841.757.460,39
PEAB4;65,00;50,17;1,80;1,48;0,94;30,66;392,40;256,85;1,18;0,88;-0,30;-0,38;4,62;2,88;-2,55;2,08;82,34;52,47;81,43;0,64;0,36;0,20;-8,83;78,06;9.073,11;43,91;36,15;0,00;841.757.460,39
PETR3;24,23;4,26;44,47;1,02;0,32;45,56;18,24;2,61;6,37;13,04;6,62;1,06;1,16;52,36;-0,37;1,04;2,28;0,72;6,17;0,32;0,68;0,28;-3,29;;490.651.621,15;23,85;0,54;-0,54;318.757.141.152,14
PETR4;24,71;3,21;45,35;1,04;0,33;45,56;18,24;2,61;6,50;13,04;6,62;1,06;1,18;53,40;-0,38;1,04;2,28;0,72;6,17;0,32;0,68;0,28;-3,29;;1.523.968.624,77;23,85;0,54;-0,55;318.757.141.152,14
PETZ3;24,62;0,16;166,13;18,84;5,12;48,27;8,64;4,06;78,16;78,23;0,07;0,02;6,75;41,81;-9,64;1,35;11,34;3,08;11,13;0,27;0,73;0,76;;;69.369.209,88;1,31;0,15;1,13;9.700.063.294,76
PFRM3;6,04;;14,29;0,52;0,20;13,93;2,20;0,95;6,20;8,10;1,90;0,16;0,14;0,80;-0,59;1,61;3,65;1,39;4,52;0,38;0,62;1,46;9,61;;3.097.154,50;11,59;0,42;0,04;747.829.148,92
PGMN3;10,76;;49,72;2,42;0,83;30,92;4,69;1,40;14,84;15,94;1,10;0,18;0,70;3,72;-1,87;1,67;4,86;1,67;10,48;0,34;0,66;1,19;8,17;25,42;11.245.510,04;4,45;0,22;-0,03;4.775.084.227,12
PINE3;0,00;;0,00;0,00;0,00;21,25;-18,97;-9,65;0,00;-1,76;;;0,00;0,00;0,00;0,65;-8,03;-0,46;;0,06;0,94;0,05;4,73;;;5,35;-0,43;0,00;219.917.163,66
PINE4;3,03;;-7,06;0,57;0,03;21,25;-18,97;-9,65;-3,59;-1,76;;;0,68;-0,26;-0,04;0,65;-8,03;-0,46;;0,06;0,94;0,05;4,73;;1.264.908,38;5,35;-0,43;0,16;219.917.163,66
PLAS3;14,40;;-1,53;-0,95;0,30;-1,27;-22,66;-31,69;-2,14;-3,93;-1,79;;0,48;-1,69;-0,41;0,61;-61,84;-19,34;1.554,27;-0,31;1,31;0,61;-5,14;;375.377,69;-15,23;-9,42;0,00;178.926.019,20
PLPL3;6,20;3,16;9,58;5,50;1,32;36,81;16,71;14,67;8,41;8,99;0,57;0,38;1,41;1,68;-22,64;5,92;57,44;13,75;25,06;0,24;0,76;0,94;;;4.763.620,00;1,13;0,65;0,33;1.266.387.200,00
PMAM3;17,00;;-0,86;-1,24;0,20;2,99;-5,35;-20,07;-3,21;-16,46;-13,25;;0,17;-0,30;-0,34;0,38;-145,06;-23,45;-9,10;-0,16;1,16;1,17;-4,39;;19.894.280,69;-13,68;-19,85;0,00;737.865.433,00
PNVL3;18,78;0,72;50,66;2,81;1,30;29,22;3,27;1,99;30,87;33,23;2,36;0,21;1,01;4,07;-3,48;2,03;5,56;2,56;5,37;0,46;0,54;1,28;7,26;4,40;17.635.793,54;6,67;0,37;-1,89;2.844.801.724,20
PNVL4;18,78;0,80;50,66;2,81;1,30;29,22;3,27;1,99;30,87;33,23;2,36;0,21;1,01;4,07;-3,48;2,03;5,56;2,56;5,37;0,46;0,54;1,28;7,26;4,40;316.497,04;6,67;0,37;-1,89;2.844.801.724,20
POMO3;2,50;0,80;31,07;0,91;0,40;15,58;2,58;2,17;26,17;39,16;11,86;0,41;0,68;1,67;-0,85;1,81;2,94;1,28;1,45;0,43;0,56;0,59;5,56;0,36;603.035,35;2,73;0,08;-0,52;2.470.127.618,46
POMO4;2,67;0,75;33,18;0,98;0,42;15,58;2,58;2,17;27,95;39,16;11,86;0,41;0,72;1,78;-0,90;1,81;2,94;1,28;1,45;0,43;0,56;0,59;5,56;0,36;15.214.952,65;2,73;0,08;-0,55;2.470.127.618,46
POSI3;12,10;3,08;8,98;1,66;0,61;20,47;12,67;8,71;6,18;6,97;0,79;0,21;0,78;2,04;-2,80;1,61;18,48;6,76;11,20;0,37;0,63;0,78;3,53;;126.626.270,12;7,29;1,35;0,01;1.715.780.000,00
POWE3;15,01;;43,82;6,06;1,51;10,03;6,46;2,50;16,96;17,19;0,23;0,08;1,10;18,19;-3,69;1,16;13,83;3,45;19,09;0,25;0,75;1,38;;;2.517.067,38;2,48;0,34;-0,76;1.345.719.388,56
PPAR3;14,60;;-11,37;0,02;0,01;;;;-7,45;9,05;16,50;-0,05;;0,43;-0,02;;-0,18;-0,13;-0,28;0,71;0,29;0,00;;;;707,46;-1,28;0,09;1.080.400,00
PPLA11;9,49;;-181,71;5.342,24;49,01;;;;-181,71;-181,71;;;;;-49,01;;-2.940,00;-26,97;;0,01;0,99;0,00;;;80.009,15;0,00;-0,05;1,83;26.711.180,34
PRIO3;18,48;;47,40;3,04;1,74;43,63;48,67;14,66;14,27;13,84;-0,44;-0,09;6,95;9,31;-3,10;1,74;6,42;3,67;13,51;0,57;0,43;0,25;49,72;32,61;448.240.895,27;6,07;0,39;-0,89;16.231.554.015,60
PRNR3;9,53;;-173,32;1,64;1,10;11,21;-1,91;-0,88;-79,92;-69,93;9,99;-0,21;1,53;2,68;-2,81;3,08;-0,95;-0,63;-4,38;0,67;0,33;0,72;;;2.835.884,50;5,81;-0,06;2,66;370.208.355,31
PSSA3;52,85;5,30;9,73;1,97;0,47;100,00;8,48;9,26;10,63;4,56;-6,07;-1,12;0,90;5,22;-1,42;1,15;20,23;4,79;7,37;0,24;0,76;0,52;3,79;11,08;52.023.973,04;26,86;5,43;0,28;17.086.036.635,50
PTBL3;11,83;3,44;14,26;4,38;0,90;34,57;8,68;9,63;15,82;19,29;3,47;0,96;1,37;10,38;-1,64;1,24;30,73;6,30;6,37;0,21;0,79;0,65;4,66;19,48;51.526.802,46;2,70;0,83;0,02;1.828.082.340,63
PTCA11;0,00;;0,00;0,00;0,00;42,91;5,08;4,04;0,00;4,21;4,21;0,53;0,00;0,00;0,00;1,71;9,95;3,51;5,00;0,35;0,65;0,87;62,04;64,28;;13,13;1,31;0,00;0,00
PTCA3;0,00;;0,00;0,00;0,00;42,91;5,08;4,04;0,00;4,21;4,21;0,53;0,00;0,00;0,00;1,71;9,95;3,51;5,00;0,35;0,65;0,87;62,04;64,28;;13,13;1,31;0,00;0,00
PTNT3;14,90;;37,66;2,36;1,02;14,30;6,27;3,39;20,35;14,54;3,26;0,38;1,28;11,38;-1,93;1,24;6,28;2,71;6,34;0,43;0,57;0,80;1,60;-29,08;1.066.807,65;6,30;0,40;-1,19;397.198.509,40
PTNT4;4,95;;12,51;0,79;0,34;14,30;6,27;3,39;6,76;14,54;3,26;0,38;0,42;3,78;-0,64;1,24;6,28;2,71;6,34;0,43;0,57;0,80;1,60;-29,08;153.118,42;6,30;0,40;-0,39;397.198.509,40
QUAL3;25,50;9,01;18,47;4,30;1,64;81,59;30,07;19,35;11,89;12,89;1,00;0,36;3,57;14,75;-2,61;1,43;23,26;8,90;14,89;0,38;0,62;0,46;3,21;10,41;78.392.442,12;5,93;1,38;-110,76;7.242.365.287,50
QUSW3;0,00;;0,00;0,00;0,00;30,60;16,80;8,40;0,00;0,33;0,33;0,14;0,00;0,00;0,00;1,19;20,73;9,63;18,55;0,46;0,54;1,15;15,13;6,21;;61,97;12,85;0,00;0,00
QVQP3B;0,00;;0,00;0,00;0,00;;;;0,00;1,14;1,14;-0,97;;0,00;;;-84,00;-84,00;-85,33;1,00;0,00;0,00;;;;0,00;0,00;0,00;0,00
RADL3;27,39;0,42;93,40;10,22;3,27;29,36;4,56;2,41;49,40;50,24;0,84;0,17;2,25;20,39;-6,65;1,46;10,95;3,50;13,08;0,32;0,68;1,45;17,66;7,84;125.233.974,27;2,68;0,29;-2,51;45.246.362.700,00
RAIL3;21,43;;133,71;2,60;0,87;32,22;27,97;4,27;20,39;26,62;6,23;0,79;5,70;6,53;-1,14;2,25;1,94;0,65;5,05;0,33;0,67;0,15;10,92;;169.717.081,73;8,25;0,16;-2,16;39.734.622.891,13
RANI3;8,40;2,93;16,40;2,56;1,14;32,92;18,84;11,44;9,96;10,96;1,00;0,26;1,88;3,49;-2,06;3,64;15,60;6,92;11,95;0,44;0,56;0,61;6,30;184,81;21.881.498,04;3,28;0,51;-0,05;2.156.449.974,00
RANI4;5,50;1,06;10,74;1,68;0,74;32,92;18,84;11,44;6,52;10,96;1,00;0,26;1,23;2,28;-1,35;3,64;15,60;6,92;11,95;0,44;0,56;0,61;6,30;184,81;644.391,25;3,28;0,51;-0,03;2.156.449.974,00
RAPT3;11,41;5,32;5,94;1,48;0,44;25,18;18,92;12,39;3,89;5,57;1,13;0,43;0,74;1,74;-1,07;1,75;24,95;7,40;9,99;0,30;0,70;0,60;11,59;;256.907,23;7,70;1,92;0,04;4.504.697.068,77
RAPT4;13,85;4,39;7,21;1,80;0,53;25,18;18,92;12,39;4,72;5,57;1,13;0,43;0,89;2,11;-1,30;1,75;24,95;7,40;9,99;0,30;0,70;0,60;11,59;;39.661.805,15;7,70;1,92;0,04;4.504.697.068,77
RCSL3;8,04;;-446,28;-9,40;13,84;19,77;2,32;-4,79;920,88;450,84;-1,68;;21,38;-108,09;-24,40;0,77;-2,11;-3,10;-1,02;-1,47;2,47;0,65;117,05;;16.541.464,77;-0,86;-0,02;7,38;299.571.219,36
RCSL4;1,89;;-104,91;-2,21;3,25;19,77;2,32;-4,79;216,47;450,84;-1,68;;5,03;-25,41;-5,73;0,77;-2,11;-3,10;-1,02;-1,47;2,47;0,65;117,05;;5.233.146,96;-0,86;-0,02;1,73;299.571.219,36
RDNI3;10,60;0,09;92,42;0,74;0,29;26,54;11,61;1,40;11,16;19,97;8,81;0,59;1,30;1,58;-0,47;1,97;0,80;0,32;2,91;0,40;0,60;0,23;-10,68;-15,50;774.708,15;14,29;0,11;-0,66;463.959.964,80
RDOR3;72,40;0,28;335,58;10,27;3,15;18,30;11,67;3,05;87,79;92,81;5,02;0,59;10,25;7,74;-6,19;5,81;3,06;0,94;4,25;0,31;0,69;0,31;;;113.497.896,27;7,05;0,22;-7,22;143.737.686.022,00
RECV3;15,88;;;;;;;;;;;;;;;;;;;;;;;;59.845.505,25;;0,00;;3.776.637.688,16
REDE3;8,10;1,15;18,79;2,98;0,79;21,85;16,20;8,05;9,34;12,18;2,84;0,91;1,51;6,69;-1,24;1,48;15,88;4,20;9,80;0,26;0,74;0,52;6,59;23,64;346.366,96;2,72;0,43;0,67;17.093.619.329,40
RENT3;62,95;0,58;36,74;7,37;2,35;31,27;20,13;12,60;23,00;26,34;3,34;1,07;4,63;77,20;-3,13;1,14;20,07;6,40;9,31;0,32;0,68;0,51;21,28;21,10;293.879.785,58;8,54;1,71;0,70;47.745.476.876,50
RLOG3;23,08;;82,76;4,26;0,23;34,71;29,67;1,85;5,17;12,09;6,92;5,71;1,53;1,49;-0,31;2,64;5,15;0,28;5,46;0,05;0,71;0,15;50,58;42,36;105.214.775,75;5,41;0,28;-2,42;10.691.215.482,28
RNEW11;13,19;;19,63;-0,40;0,19;33,65;-3,93;31,82;-158,84;-669,28;-510,44;;6,25;1,62;-0,34;1,38;-2,03;0,98;-1,17;-0,48;1,48;0,03;-29,67;-28,28;113.558,73;-33,18;0,67;-0,19;440.293.042,18
RNEW3;4,57;;20,40;-0,41;0,20;33,65;-3,93;31,82;-165,10;-669,28;-510,44;;6,49;1,68;-0,35;1,38;-2,03;0,98;-1,17;-0,48;1,48;0,03;-29,67;-28,28;103.833,35;-11,06;0,22;-0,20;440.293.042,18
RNEW4;4,16;;18,57;-0,38;0,18;33,65;-3,93;31,82;-150,29;-669,28;-510,44;;5,91;1,53;-0,32;1,38;-2,03;0,98;-1,17;-0,48;1,48;0,03;-29,67;-28,28;190.104,27;-11,06;0,22;-0,18;440.293.042,18
ROMI3;27,74;7,39;13,18;2,44;1,14;31,66;12,38;14,99;15,95;18,13;2,18;0,33;1,98;3,82;-2,92;1,97;18,51;8,69;8,70;0,47;0,53;0,58;9,91;88,47;55.001.502,88;11,37;2,11;0,15;2.034.282.996,28
RPAD3;7,20;;17,96;0,59;0,59;94,85;34.974,23;35.003,09;17,97;18,72;-0,62;-0,02;6.285,69;48,20;-0,60;2,32;3,30;3,27;3,30;0,99;0,01;0,00;-12,49;-8,01;15.308,92;12,14;0,40;-1,06;656.117.101,20
RPAD5;8,40;6,49;20,95;0,69;0,69;94,85;34.974,23;35.003,09;20,97;18,72;-0,62;-0,02;7.333,31;56,24;-0,70;2,32;3,30;3,27;3,30;0,99;0,01;0,00;-12,49;-8,01;13.117,60;12,14;0,40;-1,24;656.117.101,20
RPAD6;5,60;;13,97;0,46;0,46;94,85;34.974,23;35.003,09;13,98;18,72;-0,62;-0,02;4.888,87;37,49;-0,47;2,32;3,30;3,27;3,30;0,99;0,01;0,00;-12,49;-8,01;12.781,42;12,14;0,40;-0,82;656.117.101,20
RPMG3;4,15;;-0,68;-0,09;0,09;-7,38;-25,80;-27,61;-0,73;-0,73;0,00;;0,19;-0,10;-1,19;0,52;-12,93;-12,76;12,08;-0,99;1,99;0,46;16,06;;1.908.280,54;-47,18;-6,10;-0,01;280.920.260,35
RRRP3;39,91;;-20,38;4,90;2,50;47,99;-84,38;-126,92;-30,65;-30,23;0,42;-0,07;25,86;8,04;-3,95;6,74;-24,07;-12,29;-11,55;0,51;0,49;0,10;;;66.987.582,04;8,14;-1,96;-0,03;5.282.481.294,22
RSID3;12,70;;14,58;-0,39;0,13;44,54;-499,55;19,62;-0,57;-2,76;-2,18;;2,86;-0,18;-0,21;0,33;-2,70;0,92;-132,00;-0,34;1,34;0,05;-42,64;;1.633.600,65;-32,28;0,87;-0,14;217.847.379,90
RSUL3;0,00;;0,00;0,00;0,00;37,28;32,26;-2,92;0,00;0,85;0,07;;0,00;0,00;0,00;0,45;-69,78;-2,41;1.247,87;-0,03;1,03;0,82;11,33;;;-14,03;-9,79;0,00;49.200.000,00
RSUL4;205,00;;-20,93;-14,61;0,50;37,28;32,26;-2,92;1,90;0,85;0,07;;0,61;-1,27;-0,75;0,45;-69,78;-2,41;1.247,87;-0,03;1,03;0,82;11,33;;20.500,00;-14,03;-9,79;0,16;49.200.000,00
SANB11;38,44;4,15;10,13;1,37;0,15;16,96;19,95;14,69;7,46;7,46;;;1,49;;-0,16;;13,56;1,51;;0,11;0,89;0,10;-2,12;6,46;108.675.796,35;28,00;3,80;-0,70;144.121.766.800,22
SANB3;18,31;4,15;9,65;1,31;0,15;16,96;19,95;14,69;7,11;7,46;;;1,42;;-0,15;;13,56;1,51;;0,11;0,89;0,10;-2,12;6,46;1.108.916,19;14,00;1,90;-0,66;144.121.766.800,22
SANB4;20,06;4,16;10,57;1,43;0,16;16,96;19,95;14,69;7,79;7,46;;;1,55;;-0,16;;13,56;1,51;;0,11;0,89;0,10;-2,12;6,46;1.589.771,77;14,00;1,90;-0,73;144.121.766.800,22
SAPR11;20,55;4,83;6,23;0,89;0,47;59,97;32,72;20,76;3,95;5,72;1,77;0,40;1,29;20,20;-0,54;1,21;14,35;7,55;11,34;0,53;0,47;0,36;10,07;17,84;41.565.683,88;22,97;3,30;-0,80;6.211.054.683,09
SAPR3;4,11;4,47;6,23;0,89;0,47;59,97;32,72;20,76;3,95;5,72;1,77;0,40;1,29;20,20;-0,54;1,21;14,35;7,55;11,34;0,53;0,47;0,36;10,07;17,84;2.506.567,35;4,59;0,66;-0,80;6.211.054.683,09
SAPR4;4,13;4,90;6,26;0,90;0,47;59,97;32,72;20,76;3,97;5,72;1,77;0,40;1,30;20,30;-0,55;1,21;14,35;7,55;11,34;0,53;0,47;0,36;10,07;17,84;18.187.203,27;4,59;0,66;-0,81;6.211.054.683,09
SBFG3;28,70;;-61,57;3,56;1,12;43,63;-3,02;-4,68;-95,39;-113,06;-17,67;0,66;2,88;4,83;-2,39;1,78;-5,78;-1,82;-4,32;0,31;0,69;0,39;;;23.759.923,77;8,06;-0,47;0,45;6.942.238.207,10
SBSP3;41,52;0,96;29,16;1,25;0,56;37,18;25,24;5,47;6,32;9,31;2,99;0,59;1,59;52,49;-0,65;1,09;4,27;1,93;10,34;0,45;0,55;0,35;8,73;12,66;133.902.510,50;33,35;1,42;-0,41;28.379.329.760,88
SCAR3;38,67;0,95;23,24;1,43;0,75;80,74;64,47;27,48;9,91;14,51;4,60;0,66;6,39;8,12;-0,87;2,86;6,16;3,22;6,16;0,52;0,47;0,12;-6,59;-11,47;280.051,38;27,00;1,66;4,25;2.232.702.125,73
SEDU3;23,80;;-13,36;15,00;1,53;48,36;-15,73;-25,77;-21,89;-27,94;-6,05;4,15;3,44;57,90;-2,27;1,09;-112,29;-11,46;-13,15;0,10;0,90;0,44;12,49;;;1,59;-1,78;0,01;6.238.667.820,00
SEER3;12,89;2,83;10,05;1,16;0,54;53,56;25,05;13,20;5,30;5,01;-0,29;-0,06;1,33;2,62;-0,83;2,41;11,57;5,34;13,32;0,46;0,54;0,40;4,15;0,49;8.509.472,42;11,08;1,28;0,48;1.659.220.908,40
SEQL3;24,50;;-1.964,77;8,48;2,09;20,68;3,48;-0,15;83,60;92,79;9,19;0,93;2,91;17,87;-3,58;1,39;-0,43;-0,11;2,66;0,25;0,75;0,72;;;27.345.054,73;2,89;-0,01;23,03;3.369.571.926,00
SGPS3;11,53;;-1,80;0,52;0,18;32,98;3,20;-20,91;11,74;27,70;15,96;0,71;0,38;2,14;-0,32;1,25;-29,02;-10,14;-1,12;0,35;0,65;0,49;-7,50;;1.756.536,15;22,12;-6,42;0,00;576.500.000,00
SHOW3;5,33;;-3,31;1,89;0,68;-37,76;-199,18;-271,46;-4,51;-3,79;0,72;-0,30;8,99;4,87;-1,32;1,40;-57,14;-20,51;-28,17;0,36;0,64;0,08;-40,82;;4.155.454,81;2,82;-1,61;-0,06;359.309.312,57
SHUL3;0,00;;0,00;0,00;0,00;22,97;13,67;13,49;0,00;9,35;1,70;0,33;0,00;0,00;0,00;2,28;19,10;7,96;7,62;0,42;0,58;0,59;10,16;24,14;;4,15;0,79;0,00;1.099.142.425,92
SHUL4;10,74;3,24;13,53;2,59;1,08;22,97;13,67;13,49;13,36;9,35;1,70;0,33;1,83;2,93;-3,12;2,28;19,10;7,96;7,62;0,42;0,58;0,59;10,16;24,14;5.629.944,19;4,15;0,79;0,29;1.099.142.425,92
SIMH3;45,55;0,26;23,18;4,12;0,29;23,16;14,96;4,02;6,24;14,70;8,47;5,59;0,93;0,95;-0,53;3,25;17,76;1,27;4,06;0,07;0,88;0,32;10,36;53,42;25.777.881,62;11,06;1,96;0,13;9.394.384.956,90
SLCE3;53,68;3,08;20,94;3,25;1,19;27,63;20,16;12,62;13,10;14,14;1,04;0,26;2,64;5,49;-2,33;1,80;15,51;5,69;10,82;0,37;0,63;0,45;17,07;33,35;65.428.012,23;16,53;2,56;0,37;10.231.139.600,00
SLED3;1,04;;-0,16;-0,12;0,20;30,89;-155,25;-170,34;-0,17;-0,78;-0,65;;0,27;-0,97;-0,35;0,68;-76,97;-125,93;142,46;-1,64;2,64;0,74;-32,61;;1.316.019,62;-8,60;-6,62;0,00;48.392.130,76
SLED4;0,60;;-0,09;-0,07;0,11;30,89;-155,25;-170,34;-0,10;-0,78;-0,65;;0,15;-0,56;-0,20;0,68;-76,97;-125,93;142,46;-1,64;2,64;0,74;-32,61;;1.644.789,42;-8,60;-6,62;0,00;48.392.130,76
SMFT3;0,00;;0,00;0,00;0,00;-0,83;-31,34;-47,65;0,00;-4,06;-4,05;0,65;0,00;0,00;0,00;1,21;-24,25;-7,05;-8,74;0,29;0,71;0,15;18,59;;;110,79;-26,86;0,00;0,00
SMLS3;21,88;24,21;14,50;3,02;0,80;81,93;34,48;33,91;14,25;10,84;-3,41;-0,72;4,92;28,67;-2,05;1,05;20,86;5,49;11,32;0,26;0,74;0,16;;;22.237.710,58;7,24;1,51;-0,22;2.716.597.891,64
SMTO3;31,85;1,70;13,07;3,37;0,93;34,82;35,23;20,07;7,45;10,46;3,02;1,36;2,62;6,44;-1,31;2,01;25,77;7,12;12,82;0,28;0,72;0,35;14,03;17,25;34.143.342,27;9,45;2,44;0,27;11.275.260.828,65
SNSY3;18,23;;-1,01;-0,10;0,35;14,98;-9,89;-27,33;-2,78;-3,88;-2,26;;0,28;-1,02;-0,79;0,62;-10,13;-34,99;4,07;-3,45;4,45;1,28;4,14;;26.355,76;-178,74;-18,12;0,05;82.244.528,00
SNSY5;6,68;;-0,37;-0,04;0,13;14,98;-9,89;-27,33;-1,02;-3,88;-2,26;;0,10;-0,37;-0,29;0,62;-10,13;-34,99;4,07;-3,45;4,45;1,28;4,14;;201.938,65;-178,74;-18,12;0,02;82.244.528,00
SNSY6;13,33;;-0,74;-0,07;0,26;14,98;-9,89;-27,33;-2,03;-3,88;-2,26;;0,20;-0,75;-0,58;0,62;-10,13;-34,99;4,07;-3,45;4,45;1,28;4,14;;1.033,67;-178,74;-18,12;0,03;82.244.528,00
SOJA3;15,11;;;;;;;;;;;;;;;;;;;;;;;;44.352.554,75;;0,00;;1.678.414.569,20
SOMA3;12,75;;-88,81;3,97;2,69;60,87;-6,82;-5,61;-73,04;-69,69;3,35;-0,18;4,98;6,08;-7,91;3,03;-4,47;-3,03;-10,25;0,68;0,32;0,54;;;48.554.908,00;3,21;-0,14;0,57;6.191.439.040,50
SOND3;40,20;;4,68;1,41;1,01;27,94;28,87;32,81;5,32;3,98;-2,38;-0,63;1,54;2,44;-2,52;3,21;30,14;21,51;24,18;0,71;0,29;0,66;-10,40;;13.660,00;28,48;8,58;0,01;118.110.475,00
SOND5;52,25;;6,09;1,83;1,31;27,94;28,87;32,81;6,92;3,98;-2,38;-0,63;2,00;3,17;-3,28;3,21;30,14;21,51;24,18;0,71;0,29;0,66;-10,40;;21.880,60;28,48;8,58;0,02;118.110.475,00
SOND6;49,48;;5,76;1,74;1,24;27,94;28,87;32,81;6,55;3,98;-2,38;-0,63;1,89;3,00;-3,11;3,21;30,14;21,51;24,18;0,71;0,29;0,66;-10,40;;16.576,00;28,48;8,58;0,02;118.110.475,00
SPRT3B;76,40;;-2.717,50;-2.795,73;34.713,49;;;;-2.958,01;-2.958,01;0,00;;;-2.588,38;-34.899,85;0,00;-102,88;-1.277,40;94,51;-12,42;13,42;0,00;;;;-0,03;-0,03;63,96;370.531.748,80
SQIA3;23,90;0,08;317,84;4,21;2,56;35,30;5,62;2,31;130,68;125,69;-4,98;-0,16;7,34;9,57;-4,27;3,00;1,32;0,81;1,53;0,61;0,39;0,35;22,77;-12,74;12.436.578,15;5,68;0,08;-0,81;1.686.116.606,80
STBP3;7,46;;-467,56;3,07;1,52;23,77;6,40;-1,48;108,08;97,37;-10,70;-0,30;6,92;6,83;-2,15;4,18;-0,66;-0,33;2,20;0,50;0,50;0,22;-0,73;;51.240.497,50;2,43;-0,02;2,47;6.434.088.699,88
STKF3;0,00;;0,00;0,00;0,00;50,06;27,24;12,47;0,00;3,07;3,07;0,30;0,00;0,00;0,00;1,06;4,50;2,53;5,92;0,56;0,44;0,20;14,50;;;4,76;0,21;0,00;0,00
STTR3;0,00;;0,00;0,00;0,00;30,05;11,28;10,87;0,00;-0,70;-0,70;-0,16;0,00;0,00;0,00;3,16;21,76;11,95;14,72;0,55;0,45;1,10;22,02;;;2,13;0,46;0,00;0,00
SULA11;33,91;5,29;6,15;1,78;0,52;13,59;5,09;12,22;14,76;-0,78;-15,54;-1,88;0,75;1,37;-1,63;2,26;28,97;8,42;6,95;0,29;0,71;0,69;4,99;26,05;109.908.139,23;19,03;5,51;0,06;14.440.390.499,03
SULA3;12,71;4,71;6,92;2,00;0,58;13,59;5,09;12,22;16,59;-0,78;-15,54;-1,88;0,85;1,53;-1,83;2,26;28,97;8,42;6,95;0,29;0,71;0,69;4,99;26,05;442.678,58;6,34;1,84;0,07;14.440.390.499,03
SULA4;10,58;5,66;5,76;1,67;0,49;13,59;5,09;12,22;13,81;-0,78;-15,54;-1,88;0,70;1,28;-1,52;2,26;28,97;8,42;6,95;0,29;0,71;0,69;4,99;26,05;576.097,77;6,34;1,84;0,06;14.440.390.499,03
SUZB3;68,47;;-8,69;12,70;0,92;37,73;27,72;-35,21;11,04;18,60;7,56;8,70;3,06;9,53;-1,11;2,20;-146,17;-10,54;1,89;0,07;0,93;0,30;24,40;;444.226.712,62;5,39;-7,88;-0,03;93.205.717.596,48
TAEE11;38,16;12,22;5,36;1,99;0,88;72,86;92,32;64,95;3,77;5,33;1,56;0,82;3,48;7,63;-1,06;2,93;37,20;16,34;22,82;0,44;0,56;0,25;18,22;20,00;90.727.786,92;19,15;7,13;0,05;13.146.078.291,12
TAEE3;12,73;12,21;5,36;1,99;0,88;72,86;92,32;64,95;3,77;5,33;1,56;0,82;3,48;7,63;-1,06;2,93;37,20;16,34;22,82;0,44;0,56;0,25;18,22;20,00;1.513.626,08;6,38;2,38;0,05;13.146.078.291,12
TAEE4;12,81;12,13;5,39;2,01;0,88;72,86;92,32;64,95;3,79;5,33;1,56;0,82;3,50;7,68;-1,07;2,93;37,20;16,34;22,82;0,44;0,56;0,25;18,22;20,00;3.618.577,73;6,38;2,38;0,05;13.146.078.291,12
TASA3;25,21;;5,17;16,47;1,49;44,74;27,80;24,13;4,48;5,40;0,99;3,63;1,25;6,12;-4,31;1,59;318,75;28,79;52,86;0,09;0,91;1,19;16,57;;2.500.218,92;1,53;4,88;-0,01;2.487.102.781,44
TASA4;24,50;;5,02;16,00;1,45;44,74;27,80;24,13;4,36;5,40;0,99;3,63;1,21;5,95;-4,19;1,59;318,75;28,79;52,86;0,09;0,91;1,19;16,57;;57.697.401,81;1,53;4,88;-0,01;2.487.102.781,44
TCNO3;2,49;;32,71;294,37;0,07;;;;-19,49;-55,41;-39,55;597,55;;-0,17;-0,08;0,29;900,00;0,21;-2,52;0,00;1,00;0,00;;;300.408,81;0,01;0,08;-0,29;13.412.642,10
TCNO4;1,77;;23,25;209,25;0,05;;;;-13,85;-55,41;-39,55;597,55;;-0,12;-0,06;0,29;900,00;0,21;-2,52;0,00;1,00;0,00;;;504.581,62;0,01;0,08;-0,21;13.412.642,10
TCSA3;7,80;;-3,48;0,73;0,33;-8,95;-78,92;-91,26;-4,03;-5,96;-1,93;0,35;3,18;1,42;-0,55;2,35;-20,83;-9,45;-11,32;0,45;0,55;0,10;-32,32;;12.253.649,38;10,75;-2,24;0,10;574.229.994,00
TECN3;2,89;;-8,06;0,72;0,38;45,95;-3,93;-11,51;-23,59;-30,00;-6,41;0,19;0,93;0,81;-0,90;5,19;-8,90;-4,70;-3,38;0,53;0,47;0,41;-9,24;;7.665.080,58;4,03;-0,36;0,10;226.882.961,35
TEKA3;39,83;;-0,17;-0,01;0,02;17,33;-1,55;-87,65;-9,81;-258,04;-251,66;;0,15;-0,01;-0,02;0,03;-6,90;-11,55;0,62;-1,67;2,67;0,13;-1,38;;14.693,20;-3.335,26;-230,11;0,02;13.034.147,65
TEKA4;18,93;;-0,08;-0,01;0,01;17,33;-1,55;-87,65;-4,66;-258,04;-251,66;;0,07;0,00;-0,01;0,03;-6,90;-11,55;0,62;-1,67;2,67;0,13;-1,38;;185.227,96;-3.335,26;-230,11;0,01;13.034.147,65
TELB3;73,50;;-46,96;3,21;1,18;-71,84;-26,88;-39,81;-69,53;-48,55;9,70;-0,45;18,69;4,91;-1,70;4,37;-6,84;-2,50;-3,93;0,37;0,63;0,06;42,70;;48.693,00;22,89;-1,57;0,85;4.178.130.403,00
TELB4;29,50;;-18,85;1,29;0,47;-71,84;-26,88;-39,81;-27,91;-48,55;9,70;-0,45;7,50;1,97;-0,68;4,37;-6,84;-2,50;-3,93;0,37;0,63;0,06;42,70;;230.568,96;22,89;-1,57;0,34;4.178.130.403,00
TEND3;25,57;2,63;12,15;1,82;0,64;30,83;11,89;8,89;9,08;9,21;0,13;0,03;1,08;1,47;-1,92;2,88;14,95;5,27;9,86;0,35;0,65;0,59;21,81;46,40;22.165.494,08;14,08;2,10;-2,38;2.668.082.370,22
TESA3;46,95;;-17,99;1,30;0,35;23,29;20,14;-4,61;4,12;8,20;4,09;1,29;0,83;-11,24;-0,54;0,92;-7,24;-1,95;12,82;0,27;0,73;0,42;7,32;;1.722.658,35;36,02;-2,61;0,31;1.022.906.363,85
TFCO4;13,40;0,29;492,43;63,08;35,65;58,29;15,14;9,66;314,34;313,40;-0,94;-0,19;47,58;70,21;-167,94;2,81;12,81;7,24;12,25;0,57;0,43;0,75;;;1.396.383,00;0,21;0,03;48,34;12.719.872.802,60
TGMA3;21,93;2,42;19,41;2,24;1,37;19,03;11,29;7,72;13,27;13,07;-0,19;-0,03;1,50;4,55;-2,68;2,58;11,57;7,04;9,08;0,61;0,39;0,91;-2,05;49,24;11.124.177,35;9,77;1,13;-0,32;1.447.443.925,95
TIET11;12,54;8,56;5,78;2,67;0,52;93,99;84,49;41,75;2,86;5,44;2,59;2,42;2,41;9,09;-0,67;1,34;46,22;9,00;17,17;0,19;0,81;0,22;-5,19;1,09;31.123.800,68;4,69;2,17;0,03;5.004.795.800,93
TIET3;3,49;6,15;8,05;3,72;0,72;93,99;84,49;41,75;3,98;5,44;2,59;2,42;3,36;12,64;-0,94;1,34;46,22;9,00;17,17;0,19;0,81;0,22;-5,19;1,09;558.793,42;0,94;0,43;0,05;5.004.795.800,93
TIET4;3,51;6,11;8,09;3,74;0,73;93,99;84,49;41,75;4,00;5,44;2,59;2,42;3,38;12,71;-0,94;1,34;46,22;9,00;17,17;0,19;0,81;0,22;-5,19;1,09;1.764.454,32;0,94;0,43;0,05;5.004.795.800,93
TIMS3;12,57;3,56;15,54;1,30;0,74;53,27;16,63;11,26;10,52;12,51;1,99;0,25;1,75;14,19;-0,98;1,27;8,35;4,76;8,16;0,57;0,43;0,42;0,15;-2,43;84.340.247,65;9,69;0,81;-0,33;30.429.511.282,86
TKNO3;69,63;0,52;16,04;1,08;0,85;26,63;13,52;7,02;8,32;5,91;-1,61;-0,21;1,13;2,08;-1,98;3,59;6,72;5,32;8,94;0,79;0,21;0,76;8,49;;;64,60;4,34;0,44;185.348.837,63
TKNO4;55,00;3,49;12,67;0,85;0,67;26,63;13,52;7,02;6,57;5,91;-1,61;-0,21;0,89;1,64;-1,56;3,59;6,72;5,32;8,94;0,79;0,21;0,76;8,49;;15.000,80;64,60;4,34;0,35;185.348.837,63
TOTS3;33,02;0,79;60,75;7,06;3,51;70,54;15,98;11,57;43,99;42,08;-1,91;-0,31;7,03;21,37;-8,14;1,41;11,62;5,78;11,08;0,50;0,50;0,50;6,34;8,63;134.604.327,08;4,68;0,54;2,87;19.082.693.236,62
TOYB3;2,29;;-43,94;-4,97;4,03;24,06;-10,70;-10,96;-45,00;-47,62;-0,63;;4,81;-5,93;-11,89;0,49;-11,31;-9,18;11,93;-0,81;1,81;0,84;-33,11;;;-0,46;-0,05;0,47;71.890.222,22
TOYB4;2,50;;-47,96;-5,43;4,40;24,06;-10,70;-10,96;-49,12;-47,62;-0,63;;5,26;-6,47;-12,98;0,49;-11,31;-9,18;11,93;-0,81;1,81;0,84;-33,11;;;-0,46;-0,05;0,52;71.890.222,22
TPIS3;4,78;0,86;4,44;0,92;0,25;9,07;23,87;19,54;3,64;11,12;7,48;1,90;0,87;-1,24;-0,27;0,22;20,75;5,63;6,75;0,27;0,73;0,29;-16,95;6,45;22.362.981,23;5,19;1,08;-0,02;841.280.000,00
TRIS3;9,87;2,45;10,83;1,52;0,85;35,26;22,65;19,35;9,25;9,57;0,31;0,05;2,10;1,50;-3,71;3,68;14,02;7,81;10,33;0,56;0,44;0,40;18,29;49,27;9.968.931,62;6,50;0,91;0,51;1.841.915.100,06
TRPL3;29,39;10,59;5,45;1,46;0,73;70,21;118,10;89,26;4,12;4,69;0,91;0,32;4,87;8,28;-0,89;2,02;26,69;13,40;19,90;0,50;0,48;0,15;23,49;45,59;198.747,65;20,20;5,39;0,06;17.744.760.193,68
TRPL4;25,35;12,28;4,70;1,26;0,63;70,21;118,10;89,26;3,55;4,69;0,91;0,32;4,20;7,14;-0,76;2,02;26,69;13,40;19,90;0,50;0,48;0,15;23,49;45,59;41.505.573,42;20,20;5,39;0,05;17.744.760.193,68
TUPY3;25,82;;31,98;1,42;0,57;15,55;5,65;2,47;13,99;17,38;3,39;0,34;0,79;1,77;-1,29;2,40;4,44;1,80;4,78;0,40;0,60;0,73;4,44;;39.128.909,12;18,18;0,81;-0,02;3.722.663.050,00
TXRX3;35,01;;-8,33;-0,48;0,78;27,54;4,51;-21,43;39,60;82,20;61,81;;1,79;-0,55;-1,24;0,21;-5,78;-9,35;-4,84;-1,62;2,62;0,44;1,83;;23.552,00;-72,72;-4,20;0,05;76.752.281,85
TXRX4;9,19;;-2,19;-0,13;0,20;27,54;4,51;-21,43;10,39;82,20;61,81;;0,47;-0,14;-0,33;0,21;-5,78;-9,35;-4,84;-1,62;2,62;0,44;1,83;;39.552,12;-72,72;-4,20;0,01;76.752.281,85
UCAS3;5,50;7,20;19,46;2,28;1,42;38,71;14,51;11,29;15,14;12,44;-2,70;-0,41;2,20;5,11;-3,29;1,96;11,69;7,31;9,30;0,62;0,38;0,65;-7,54;2,51;1.148.389,77;2,42;0,28;0,77;363.475.002,00
UGPA3;19,86;2,22;25,61;2,31;0,59;7,06;2,23;1,03;11,86;18,78;6,92;1,35;0,26;2,41;-1,16;2,00;9,02;2,31;4,39;0,26;0,73;2,24;1,43;-9,32;102.766.414,08;8,59;0,78;0,14;22.145.422.288,86
UNIP3;74,00;2,47;19,01;4,02;1,55;34,50;19,35;9,50;9,34;9,28;-0,53;-0,23;1,81;10,58;-2,66;1,54;21,14;8,16;21,10;0,39;0,61;0,86;35,12;33,34;2.415.176,04;18,42;3,89;0,17;7.349.210.951,76
UNIP5;79,00;2,54;20,29;4,29;1,65;34,50;19,35;9,50;9,97;9,28;-0,53;-0,23;1,93;11,30;-2,84;1,54;21,14;8,16;21,10;0,39;0,61;0,86;35,12;33,34;94.921,33;18,42;3,89;0,18;7.349.210.951,76
UNIP6;79,88;2,52;20,52;4,34;1,67;34,50;19,35;9,50;10,08;9,28;-0,53;-0,23;1,95;11,42;-2,87;1,54;21,14;8,16;21,10;0,39;0,61;0,86;35,12;33,34;33.166.897,77;18,42;3,89;0,18;7.349.210.951,76
USIM3;23,95;0,50;14,42;1,90;0,94;26,92;24,81;10,76;6,25;6,53;0,35;0,11;1,55;3,27;-1,65;3,03;13,20;6,53;14,50;0,49;0,43;0,61;9,57;;9.686.136,92;12,58;1,66;-0,02;29.698.988.134,92
USIM5;23,38;0,56;14,08;1,86;0,92;26,92;24,81;10,76;6,10;6,53;0,35;0,11;1,51;3,20;-1,61;3,03;13,20;6,53;14,50;0,49;0,43;0,61;9,57;;501.682.683,08;12,58;1,66;-0,02;29.698.988.134,92
USIM6;29,72;0,44;17,89;2,36;1,17;26,92;24,81;10,76;7,76;6,53;0,35;0,11;1,93;4,06;-2,05;3,03;13,20;6,53;14,50;0,49;0,43;0,61;9,57;;17.595,11;12,58;1,66;-0,02;29.698.988.134,92
VALE3;114,38;5,83;10,74;2,91;1,22;57,52;34,21;22,83;7,16;7,23;0,06;0,03;2,45;9,35;-1,66;1,96;27,13;11,36;24,34;0,42;0,59;0,50;21,72;;2.572.039.401,27;39,26;10,65;0,00;604.438.225.565,16
VAMO3;44,68;;47,16;7,13;2,16;33,99;24,23;12,42;24,18;28,07;3,89;1,15;5,86;14,12;-3,14;1,95;15,11;4,58;8,38;0,30;0,70;0,37;;;24.293.917,54;6,27;0,95;1,00;10.180.382.233,20
VIVA3;26,12;0,61;42,06;5,27;2,88;68,49;19,58;14,00;30,08;29,37;-0,72;-0,13;5,89;7,40;-8,59;2,41;12,52;6,85;12,05;0,55;0,45;0,49;;;21.375.777,69;4,96;0,62;-0,64;6.169.485.726,28
VIVR3;1,83;;-1,08;-0,86;0,60;-31,88;-332,19;-410,76;-1,33;-2,57;-1,24;;4,43;-0,80;-0,94;0,32;-79,54;-55,89;867,79;-0,70;1,70;0,14;-17,04;;5.217.416,42;-2,13;-1,70;0,06;194.908.390,11
VIVT3;43,54;10,42;15,43;1,06;0,68;47,38;15,26;11,06;11,19;12,32;1,14;0,11;1,71;62,09;-0,82;1,07;6,86;4,39;6,45;0,64;0,36;0,40;1,37;6,88;97.016.174,50;41,13;2,82;-3,35;73.625.483.547,42
VIVT4;45,34;5,05;16,07;1,10;0,71;47,38;15,26;11,06;11,65;12,32;1,14;0,11;1,78;64,66;-0,85;1,07;6,86;4,39;6,45;0,64;0,36;0,40;1,37;6,88;111.231.163,93;41,13;2,82;-3,49;73.625.483.547,42
VLID3;10,19;;-4,13;0,75;0,29;17,68;-5,64;-10,44;-7,65;-14,64;-6,99;0,69;0,43;3,91;-0,53;1,20;-18,20;-7,06;-4,81;0,39;0,61;0,68;3,44;;8.258.514,15;13,56;-2,47;0,01;836.297.243,53
VSPT3;0,00;;0,00;0,00;0,00;11,19;2,86;-4,23;0,00;-4,70;-4,70;-0,07;0,00;0,00;0,00;0,69;-2,21;-1,28;0,59;0,58;0,42;0,30;10,22;;;37,72;-0,83;0,00;0,00
VSPT4;0,00;;0,00;0,00;0,00;11,19;2,86;-4,23;0,00;-4,70;-4,70;-0,07;0,00;0,00;0,00;0,69;-2,21;-1,28;0,59;0,58;0,42;0,30;10,22;;;37,72;-0,83;0,00;0,00
VULC3;8,17;;63,56;1,78;1,20;29,53;3,08;2,68;55,32;57,31;1,99;0,06;1,70;2,49;-3,53;3,64;2,81;1,88;2,20;0,67;0,33;0,70;4,07;;4.621.523,65;4,58;0,13;-0,82;2.007.829.346,82
VVAR3;12,03;;19,14;3,21;0,58;32,75;5,60;3,47;11,87;15,64;3,78;1,02;0,66;25,59;-1,39;1,04;16,79;3,04;10,20;0,18;0,82;0,87;8,45;135,03;477.975.380,38;3,74;0,63;-0,11;19.216.169.835,03
WEGE3;32,31;0,96;50,89;11,32;6,41;31,65;16,94;14,15;42,51;41,84;-0,67;-0,18;7,20;19,73;-17,39;2,06;22,25;12,59;19,68;0,57;0,42;0,89;12,35;15,50;375.421.844,81;2,85;0,64;0,97;135.615.344.515,38
WEST3;8,90;;83,54;224,82;9,99;45,12;0,03;4,77;15.766,70;15.459,61;-307,10;-4,38;3,99;-51,35;-27,88;0,77;269,11;11,95;-101,70;0,04;0,96;2,51;;;5.332.283,08;0,04;0,11;0,00;977.535.567,30
WHRL3;7,09;3,46;14,96;5,52;1,50;20,20;10,57;7,69;10,89;9,63;-1,65;-0,83;1,15;14,49;-6,35;1,16;36,94;10,03;31,87;0,27;0,73;1,30;-0,28;19,66;123.125,77;1,28;0,47;-0,25;11.029.280.022,60
WHRL4;7,88;3,42;16,62;6,14;1,67;20,20;10,57;7,69;12,10;9,63;-1,65;-0,83;1,28;16,11;-7,05;1,16;36,94;10,03;31,87;0,27;0,73;1,30;-0,28;19,66;261.513,88;1,28;0,47;-0,28;11.029.280.022,60
WIZS3;11,10;5,49;9,12;5,96;1,85;76,38;40,46;24,25;5,46;4,67;-0,79;-0,86;2,21;-37,78;-2,95;0,88;65,42;20,34;72,59;0,31;0,69;0,84;17,16;14,87;36.416.264,96;1,86;1,22;-1,02;1.774.970.830,20
WLMM3;20,49;0,37;13,72;1,61;1,31;15,57;7,83;5,49;9,62;9,96;-1,65;-0,28;0,75;3,96;-2,29;4,44;11,77;9,55;11,61;0,81;0,19;1,74;14,81;69,04;11.840,26;12,69;1,49;1,48;901.113.932,80
WLMM4;28,30;0,29;18,94;2,23;1,81;15,57;7,83;5,49;13,28;9,96;-1,65;-0,28;1,04;5,47;-3,16;4,44;11,77;9,55;11,61;0,81;0,19;1,74;14,81;69,04;31.531,68;12,69;1,49;2,04;901.113.932,80
WSON33;50,85;9,36;32,57;1,64;0,68;51,66;21,81;6,19;9,24;14,52;5,28;0,93;2,02;12,79;-0,82;1,45;5,02;2,08;5,43;0,41;0,59;0,34;1,54;1,60;2.220.493,62;31,08;1,56;-11,20;3.658.345.281,00
YDUQ3;28,52;1,65;89,79;2,75;0,95;54,72;9,25;2,55;24,74;33,78;9,04;1,01;2,29;6,11;-1,35;2,12;3,06;1,06;3,27;0,35;0,65;0,42;5,62;-25,93;72.877.982,42;10,37;0,32;-1,06;8.815.214.030,52
